row ID,label
0,92
1,204
2,1482
3,451
4,1277
5,7294
6,3533
7,111
8,17
9,298
10,20
11,3711
12,336
13,20
14,46
15,2324
16,136
17,406
18,172
19,298
20,211
21,714
22,255
23,5995
24,1277
25,3711
26,103
27,283
28,1521
29,46
30,9845
31,564
32,44
33,28
34,5120
35,757
36,328
37,46
38,15
39,43
40,46
41,328
42,5069
43,74
44,1897
45,27
46,1696
47,2081
48,4880
49,39
50,332
51,172
52,151
53,677
54,672
55,1521
56,1277
57,43
58,103
59,211
60,12
61,2165
62,136
63,31
64,211
65,336
66,79
67,7838
68,7503
69,557
70,510
71,3711
72,22
73,1094
74,46
75,328
76,27
77,378
78,336
79,211
80,103
81,260
82,370
83,537
84,770
85,7838
86,211
87,1887
88,164
89,1135
90,8972
91,714
92,818
93,425
94,46
95,4880
96,564
97,43
98,260
99,39
100,818
101,20
102,581
103,7838
104,39
105,7838
106,277
107,5733
108,5
109,111
110,248
111,7294
112,5177
113,136
114,9
115,3466
116,336
117,1277
118,371
119,309
120,316
121,63
122,328
123,714
124,4880
125,94
126,18
127,248
128,375
129,10
130,167
131,8
132,330
133,92
134,375
135,46
136,1521
137,5733
138,167
139,3466
140,332
141,103
142,209
143,43
144,108
145,46
146,309
147,757
148,1521
149,1217
150,1034
151,17
152,309
153,44
154,46
155,248
156,164
157,1521
158,114
159,8
160,336
161,8
162,32
163,7838
164,691
165,2324
166,136
167,407
168,46
169,298
170,1034
171,106
172,15
173,2324
174,378
175,499
176,46
177,10
178,43
179,1668
180,8291
181,77
182,82
183,672
184,925
185,136
186,15
187,204
188,451
189,564
190,430
191,1696
192,151
193,265
194,343
195,4126
196,127
197,1865
198,4
199,344
200,277
201,5908
202,5733
203,46
204,43
205,1185
206,336
207,204
208,164
209,107
210,39
211,309
212,39
213,564
214,103
215,1361
216,231
217,7997
218,163
219,661
220,537
221,2233
222,8456
223,328
224,5733
225,31
226,3450
227,170
228,5892
229,250
230,1418
231,27
232,77
233,92
234,549
235,103
236,97
237,24
238,11
239,46
240,27
241,929
242,1094
243,34
244,164
245,50
246,672
247,31
248,39
249,41
250,136
251,46
252,103
253,244
254,328
255,53
256,1621
257,3260
258,370
259,672
260,348
261,3777
262,537
263,250
264,6
265,46
266,27
267,8291
268,929
269,672
270,204
271,20
272,46
273,136
274,1034
275,1277
276,43
277,128
278,97
279,22
280,15
281,3466
282,53
283,336
284,1277
285,97
286,3781
287,172
288,399
289,1618
290,350
291,15
292,103
293,17
294,343
295,4
296,451
297,672
298,15
299,77
300,127
301,2116
302,46
303,17
304,491
305,18
306,5641
307,454
308,4880
309,1036
310,2906
311,3711
312,1521
313,44
314,46
315,103
316,106
317,3777
318,1521
319,677
320,36
321,544
322,1598
323,294
324,477
325,3466
326,332
327,20
328,250
329,8291
330,8291
331,5198
332,43
333,770
334,1025
335,1897
336,1034
337,406
338,879
339,864
340,1673
341,3316
342,127
343,4224
344,556
345,46
346,151
347,422
348,1482
349,7503
350,22
351,1208
352,1182
353,167
354,71
355,818
356,44
357,8291
358,551
359,136
360,39
361,1408
362,120
363,1859
364,677
365,1521
366,818
367,44
368,332
369,1887
370,328
371,562
372,20
373,770
374,136
375,32
376,336
377,46
378,46
379,1277
380,672
381,12
382,8972
383,406
384,167
385,43
386,114
387,17
388,3156
389,328
390,17
391,3839
392,714
393,46
394,136
395,18
396,2081
397,316
398,1277
399,7838
400,22
401,2615
402,44
403,4880
404,1845
405,562
406,20
407,343
408,2664
409,46
410,537
411,499
412,44
413,328
414,6141
415,537
416,43
417,1977
418,31
419,22
420,3466
421,757
422,4
423,97
424,20
425,17
426,119
427,46
428,309
429,770
430,1482
431,136
432,2830
433,341
434,11
435,5120
436,309
437,82
438,328
439,332
440,3711
441,1521
442,44
443,10
444,819
445,79
446,3334
447,987
448,344
449,8972
450,316
451,7503
452,1375
453,5324
454,103
455,43
456,1555
457,2682
458,309
459,20
460,13
461,38
462,50
463,296
464,9828
465,177
466,277
467,378
468,2189
469,2615
470,375
471,371
472,164
473,46
474,3839
475,39
476,46
477,45
478,82
479,1618
480,1135
481,6141
482,126
483,108
484,119
485,1521
486,472
487,298
488,211
489,43
490,557
491,682
492,628
493,1025
494,347
495,22
496,6141
497,336
498,5251
499,3781
500,2906
501,39
502,17
503,370
504,36
505,929
506,5733
507,857
508,332
509,244
510,211
511,101
512,97
513,231
514,79
515,6445
516,5175
517,953
518,32
519,13
520,818
521,10
522,1598
523,358
524,44
525,672
526,44
527,18
528,4126
529,46
530,6141
531,36
532,136
533,1034
534,714
535,1277
536,43
537,1482
538,358
539,3358
540,605
541,7838
542,770
543,929
544,39
545,1521
546,672
547,344
548,682
549,158
550,211
551,53
552,151
553,2959
554,211
555,3466
556,1277
557,328
558,3962
559,164
560,925
561,672
562,136
563,10
564,20
565,253
566,128
567,20
568,3334
569,40
570,1887
571,336
572,6
573,1036
574,155
575,336
576,344
577,6445
578,348
579,494
580,5120
581,672
582,1672
583,31
584,46
585,328
586,20
587,6439
588,677
589,265
590,1025
591,562
592,3711
593,925
594,332
595,44
596,3839
597,91
598,1977
599,1129
600,714
601,128
602,164
603,10
604,136
605,1260
606,27
607,818
608,18
609,97
610,224
611,672
612,17
613,1213
614,8107
615,3156
616,1887
617,211
618,18
619,187
620,20
621,136
622,298
623,332
624,1647
625,58
626,494
627,276
628,7445
629,681
630,3205
631,166
632,128
633,757
634,39
635,32
636,650
637,40
638,253
639,309
640,46
641,277
642,130
643,97
644,1521
645,128
646,3781
647,46
648,44
649,328
650,1865
651,328
652,46
653,22
654,879
655,8203
656,1182
657,1618
658,177
659,328
660,298
661,3781
662,1034
663,8291
664,4
665,255
666,250
667,43
668,94
669,164
670,1683
671,1277
672,43
673,309
674,344
675,127
676,8667
677,316
678,1277
679,53
680,5379
681,39
682,22
683,682
684,172
685,818
686,929
687,82
688,3781
689,1977
690,45
691,2196
692,211
693,128
694,818
695,43
696,46
697,136
698,62
699,1496
700,46
701,451
702,9
703,2116
704,151
705,328
706,940
707,53
708,6141
709,375
710,163
711,323
712,2268
713,169
714,204
715,277
716,43
717,167
718,128
719,2884
720,172
721,672
722,7838
723,393
724,714
725,43
726,6
727,322
728,570
729,8
730,1521
731,164
732,255
733,1129
734,36
735,46
736,1277
737,3773
738,2615
739,322
740,476
741,71
742,557
743,332
744,757
745,430
746,328
747,2196
748,1034
749,153
750,20
751,18
752,309
753,344
754,43
755,46
756,2845
757,0
758,298
759,925
760,119
761,336
762,1277
763,672
764,31
765,309
766,8972
767,5733
768,46
769,332
770,298
771,1598
772,46
773,6141
774,10
775,97
776,111
777,46
778,18
779,747
780,446
781,123
782,44
783,46
784,39
785,204
786,714
787,7503
788,11
789,1034
790,43
791,1034
792,8972
793,7503
794,1521
795,36
796,155
797,128
798,46
799,757
800,2025
801,316
802,103
803,1277
804,672
805,375
806,7503
807,1036
808,1036
809,46
810,142
811,344
812,18
813,94
814,128
815,929
816,5198
817,3711
818,46
819,2664
820,167
821,672
822,1215
823,2165
824,127
825,328
826,127
827,121
828,45
829,187
830,4638
831,8291
832,1977
833,328
834,82
835,43
836,5892
837,41
838,1034
839,4099
840,1621
841,17
842,351
843,39
844,2196
845,557
846,393
847,770
848,5733
849,1387
850,43
851,1521
852,328
853,441
854,20
855,7503
856,8027
857,747
858,31
859,1977
860,58
861,4789
862,6141
863,31
864,64
865,682
866,2682
867,6371
868,370
869,248
870,332
871,672
872,155
873,155
874,5120
875,155
876,277
877,97
878,123
879,375
880,211
881,681
882,925
883,2664
884,20
885,714
886,4877
887,27
888,31
889,8291
890,682
891,15
892,97
893,39
894,316
895,35
896,672
897,4492
898,582
899,204
900,564
901,39
902,328
903,953
904,672
905,97
906,103
907,5733
908,298
909,650
910,298
911,328
912,8972
913,17
914,344
915,128
916,94
917,328
918,46
919,181
920,43
921,164
922,155
923,8972
924,494
925,44
926,5816
927,1025
928,7838
929,4575
930,211
931,4
932,130
933,4224
934,9897
935,651
936,10
937,255
938,8972
939,1521
940,6439
941,328
942,714
943,25
944,770
945,15
946,1977
947,136
948,22
949,46
950,31
951,581
952,255
953,253
954,437
955,27
956,588
957,18
958,114
959,13
960,461
961,375
962,1977
963,43
964,1135
965,1521
966,92
967,46
968,242
969,3533
970,556
971,7838
972,557
973,5908
974,3647
975,1418
976,770
977,1482
978,605
979,46
980,378
981,20
982,82
983,344
984,46
985,155
986,953
987,328
988,46
989,260
990,461
991,136
992,125
993,1521
994,1696
995,158
996,15
997,451
998,151
999,17
1000,211
1001,6439
1002,344
1003,316
1004,46
1005,336
1006,328
1007,10
1008,46
1009,18
1010,3533
1011,46
1012,336
1013,336
1014,674
1015,119
1016,31
1017,562
1018,155
1019,32
1020,82
1021,211
1022,244
1023,17
1024,356
1025,5892
1026,10
1027,43
1028,44
1029,375
1030,1482
1031,358
1032,518
1033,826
1034,151
1035,255
1036,97
1037,127
1038,46
1039,136
1040,46
1041,248
1042,8972
1043,265
1044,818
1045,73
1046,77
1047,557
1048,1277
1049,164
1050,50
1051,8724
1052,9160
1053,31
1054,43
1055,454
1056,97
1057,3466
1058,119
1059,1277
1060,4951
1061,3711
1062,336
1063,211
1064,45
1065,2161
1066,7492
1067,770
1068,53
1069,316
1070,18
1071,250
1072,2113
1073,4880
1074,64
1075,127
1076,97
1077,13
1078,4829
1079,167
1080,7838
1081,518
1082,661
1083,46
1084,672
1085,714
1086,39
1087,248
1088,4880
1089,114
1090,1034
1091,22
1092,25
1093,604
1094,1521
1095,5770
1096,1521
1097,43
1098,2643
1099,8
1100,211
1101,230
1102,18
1103,1129
1104,347
1105,309
1106,818
1107,677
1108,714
1109,2664
1110,328
1111,43
1112,167
1113,44
1114,2363
1115,10
1116,253
1117,430
1118,155
1119,31
1120,41
1121,1521
1122,9
1123,672
1124,309
1125,472
1126,510
1127,82
1128,12
1129,1135
1130,1277
1131,177
1132,403
1133,92
1134,8972
1135,3777
1136,399
1137,218
1138,544
1139,43
1140,2401
1141,328
1142,136
1143,925
1144,8972
1145,6932
1146,1
1147,71
1148,3711
1149,136
1150,4224
1151,564
1152,537
1153,332
1154,343
1155,370
1156,328
1157,491
1158,39
1159,909
1160,1277
1161,167
1162,6584
1163,121
1164,940
1165,4
1166,316
1167,3466
1168,336
1169,336
1170,64
1171,328
1172,682
1173,925
1174,15
1175,328
1176,665
1177,90
1178,836
1179,46
1180,46
1181,1621
1182,9504
1183,3466
1184,7173
1185,101
1186,650
1187,358
1188,1521
1189,127
1190,244
1191,3467
1192,1917
1193,8291
1194,211
1195,151
1196,1865
1197,72
1198,4669
1199,3334
1200,4615
1201,46
1202,18
1203,3711
1204,136
1205,27
1206,1213
1207,164
1208,6445
1209,7997
1210,378
1211,1621
1212,37
1213,8291
1214,1482
1215,770
1216,621
1217,430
1218,1182
1219,27
1220,672
1221,32
1222,11
1223,672
1224,844
1225,6
1226,22
1227,161
1228,155
1229,1672
1230,7838
1231,1521
1232,298
1233,2710
1234,151
1235,362
1236,46
1237,41
1238,8291
1239,27
1240,4735
1241,94
1242,37
1243,10
1244,9
1245,31
1246,343
1247,343
1248,231
1249,375
1250,1072
1251,8
1252,677
1253,1951
1254,127
1255,6
1256,3405
1257,5733
1258,77
1259,929
1260,15
1261,1521
1262,73
1263,17
1264,298
1265,82
1266,255
1267,2161
1268,128
1269,5816
1270,253
1271,672
1272,2196
1273,818
1274,336
1275,170
1276,17
1277,11
1278,44
1279,3466
1280,43
1281,1208
1282,11
1283,1621
1284,44
1285,661
1286,8243
1287,316
1288,403
1289,170
1290,27
1291,204
1292,231
1293,172
1294,1521
1295,1482
1296,128
1297,20
1298,40
1299,6670
1300,1034
1301,17
1302,46
1303,155
1304,1034
1305,5733
1306,7838
1307,1305
1308,17
1309,11
1310,940
1311,125
1312,309
1313,2401
1314,17
1315,316
1316,1482
1317,2615
1318,1135
1319,677
1320,128
1321,328
1322,3962
1323,7838
1324,128
1325,136
1326,83
1327,7838
1328,4880
1329,127
1330,336
1331,1618
1332,150
1333,20
1334,20
1335,378
1336,378
1337,6439
1338,46
1339,18
1340,770
1341,370
1342,39
1343,1977
1344,8
1345,81
1346,250
1347,371
1348,757
1349,83
1350,8291
1351,1482
1352,130
1353,770
1354,40
1355,298
1356,97
1357,17
1358,43
1359,347
1360,46
1361,461
1362,255
1363,9864
1364,1141
1365,378
1366,328
1367,1025
1368,46
1369,406
1370,10
1371,136
1372,757
1373,714
1374,277
1375,233
1376,248
1377,18
1378,5995
1379,557
1380,1034
1381,45
1382,39
1383,708
1384,6445
1385,13
1386,3526
1387,714
1388,296
1389,375
1390,672
1391,39
1392,8291
1393,44
1394,316
1395,4638
1396,108
1397,46
1398,1618
1399,20
1400,128
1401,454
1402,378
1403,41
1404,403
1405,248
1406,6
1407,288
1408,451
1409,570
1410,25
1411,1521
1412,41
1413,4829
1414,34
1415,204
1416,1361
1417,1034
1418,39
1419,8724
1420,3334
1421,78
1422,1277
1423,4880
1424,46
1425,309
1426,6445
1427,1277
1428,94
1429,1277
1430,46
1431,1387
1432,97
1433,6010
1434,46
1435,1129
1436,332
1437,437
1438,1521
1439,53
1440,2862
1441,570
1442,106
1443,155
1444,28
1445,20
1446,15
1447,363
1448,43
1449,1598
1450,79
1451,97
1452,336
1453,2492
1454,35
1455,309
1456,714
1457,672
1458,33
1459,17
1460,2615
1461,17
1462,522
1463,1887
1464,204
1465,1482
1466,343
1467,4895
1468,672
1469,1807
1470,31
1471,661
1472,682
1473,336
1474,8
1475,128
1476,330
1477,253
1478,82
1479,44
1480,123
1481,39
1482,231
1483,46
1484,127
1485,17
1486,637
1487,672
1488,1277
1489,44
1490,2906
1491,953
1492,940
1493,80
1494,4880
1495,36
1496,1598
1497,211
1498,108
1499,40
1500,7294
1501,555
1502,10
1503,2664
1504,20
1505,36
1506,31
1507,461
1508,309
1509,9
1510,18
1511,4880
1512,4829
1513,4224
1514,136
1515,43
1516,1034
1517,20
1518,378
1519,4224
1520,211
1521,64
1522,77
1523,128
1524,375
1525,169
1526,169
1527,128
1528,127
1529,28
1530,211
1531,316
1532,4880
1533,602
1534,313
1535,35
1536,501
1537,332
1538,378
1539,682
1540,184
1541,128
1542,39
1543,925
1544,328
1545,4126
1546,9504
1547,309
1548,46
1549,31
1550,253
1551,1319
1552,11
1553,604
1554,53
1555,1482
1556,136
1557,3148
1558,330
1559,1887
1560,375
1561,1277
1562,204
1563,328
1564,250
1565,451
1566,621
1567,1313
1568,770
1569,17
1570,129
1571,336
1572,309
1573,1727
1574,757
1575,5251
1576,406
1577,953
1578,3334
1579,332
1580,1314
1581,31
1582,1482
1583,770
1584,3839
1585,370
1586,344
1587,224
1588,2664
1589,672
1590,1521
1591,233
1592,53
1593,332
1594,136
1595,120
1596,1034
1597,609
1598,64
1599,1034
1600,9845
1601,31
1602,818
1603,46
1604,15
1605,44
1606,328
1607,1496
1608,682
1609,167
1610,3711
1611,562
1612,36
1613,1208
1614,298
1615,44
1616,3711
1617,5324
1618,581
1619,6439
1620,24
1621,3711
1622,1129
1623,557
1624,250
1625,4
1626,2682
1627,1951
1628,682
1629,248
1630,127
1631,6
1632,8
1633,1482
1634,211
1635,363
1636,3466
1637,363
1638,7188
1639,244
1640,1277
1641,1709
1642,296
1643,127
1644,15
1645,17
1646,1621
1647,1438
1648,621
1649,4880
1650,20
1651,375
1652,39
1653,177
1654,164
1655,690
1656,90
1657,127
1658,90
1659,43
1660,430
1661,7503
1662,714
1663,136
1664,770
1665,1034
1666,1034
1667,46
1668,13
1669,136
1670,244
1671,2196
1672,13
1673,22
1674,46
1675,344
1676,224
1677,581
1678,97
1679,2884
1680,3466
1681,92
1682,158
1683,1025
1684,747
1685,3334
1686,123
1687,128
1688,3781
1689,963
1690,2664
1691,46
1692,18
1693,248
1694,97
1695,108
1696,211
1697,298
1698,255
1699,6
1700,20
1701,10
1702,770
1703,92
1704,43
1705,489
1706,62
1707,46
1708,672
1709,44
1710,250
1711,344
1712,151
1713,20
1714,24
1715,46
1716,1621
1717,20
1718,374
1719,375
1720,8724
1721,1977
1722,76
1723,3711
1724,103
1725,642
1726,672
1727,31
1728,46
1729,1621
1730,1887
1731,1025
1732,1887
1733,672
1734,6670
1735,770
1736,46
1737,81
1738,682
1739,1521
1740,2762
1741,289
1742,682
1743,371
1744,691
1745,309
1746,368
1747,3004
1748,130
1749,1387
1750,36
1751,6141
1752,8203
1753,46
1754,8291
1755,4626
1756,155
1757,1361
1758,4018
1759,30
1760,46
1761,363
1762,20
1763,5177
1764,451
1765,204
1766,32
1767,1277
1768,1521
1769,929
1770,108
1771,97
1772,123
1773,46
1774,248
1775,20
1776,9
1777,20
1778,1034
1779,7503
1780,127
1781,270
1782,90
1783,103
1784,347
1785,336
1786,309
1787,7838
1788,10
1789,1496
1790,4880
1791,43
1792,328
1793,6932
1794,129
1795,288
1796,672
1797,4224
1798,44
1799,328
1800,1277
1801,130
1802,757
1803,1618
1804,322
1805,6
1806,621
1807,672
1808,130
1809,22
1810,2324
1811,4168
1812,1034
1813,345
1814,108
1815,7838
1816,136
1817,15
1818,714
1819,602
1820,3156
1821,39
1822,231
1823,128
1824,155
1825,336
1826,20
1827,770
1828,1887
1829,36
1830,43
1831,260
1832,8231
1833,9897
1834,43
1835,46
1836,43
1837,682
1838,5733
1839,5892
1840,204
1841,20
1842,344
1843,5816
1844,43
1845,425
1846,9897
1847,368
1848,108
1849,101
1850,136
1851,336
1852,332
1853,4880
1854,672
1855,770
1856,209
1857,17
1858,714
1859,187
1860,77
1861,46
1862,7838
1863,209
1864,11
1865,491
1866,316
1867,127
1868,358
1869,437
1870,557
1871,344
1872,298
1873,136
1874,677
1875,103
1876,43
1877,336
1878,231
1879,10
1880,20
1881,1977
1882,7503
1883,551
1884,43
1885,3156
1886,41
1887,328
1888,3781
1889,1496
1890,378
1891,288
1892,672
1893,3549
1894,77
1895,365
1896,204
1897,43
1898,745
1899,2384
1900,430
1901,242
1902,27
1903,6556
1904,1977
1905,3334
1906,336
1907,343
1908,63
1909,43
1910,605
1911,309
1912,925
1913,36
1914,136
1915,97
1916,332
1917,7503
1918,57
1919,489
1920,1378
1921,5908
1922,43
1923,2664
1924,39
1925,328
1926,1618
1927,156
1928,44
1929,11
1930,671
1931,27
1932,209
1933,118
1934,46
1935,489
1936,3647
1937,3781
1938,126
1939,46
1940,177
1941,187
1942,8243
1943,82
1944,3711
1945,5733
1946,3839
1947,17
1948,2670
1949,211
1950,328
1951,128
1952,10
1953,444
1954,677
1955,1845
1956,3513
1957,757
1958,7838
1959,602
1960,136
1961,22
1962,8972
1963,7838
1964,13
1965,97
1966,510
1967,244
1968,3794
1969,3334
1970,605
1971,224
1972,451
1973,316
1974,714
1975,5165
1976,300
1977,818
1978,196
1979,1277
1980,298
1981,167
1982,5995
1983,1025
1984,3711
1985,11
1986,46
1987,672
1988,22
1989,2268
1990,260
1991,288
1992,925
1993,1368
1994,46
1995,18
1996,260
1997,27
1998,136
1999,244
2000,3334
2001,677
2002,167
2003,409
2004,136
2005,28
2006,818
2007,2401
2008,10
2009,1277
2010,1696
2011,770
2012,336
2013,46
2014,11
2015,46
2016,31
2017,8291
2018,43
2019,336
2020,2810
2021,581
2022,7838
2023,18
2024,1977
2025,1036
2026,167
2027,46
2028,441
2029,10
2030,1
2031,1618
2032,27
2033,79
2034,46
2035,344
2036,328
2037,18
2038,10
2039,540
2040,298
2041,46
2042,20
2043,63
2044,8667
2045,9845
2046,298
2047,8
2048,126
2049,13
2050,136
2051,1096
2052,3466
2053,53
2054,298
2055,22
2056,77
2057,2293
2058,2316
2059,1977
2060,451
2061,1361
2062,818
2063,3372
2064,770
2065,556
2066,332
2067,8
2068,111
2069,4224
2070,1977
2071,564
2072,44
2073,20
2074,3466
2075,929
2076,82
2077,44
2078,661
2079,3781
2080,136
2081,1521
2082,90
2083,1036
2084,39
2085,3549
2086,77
2087,451
2088,1034
2089,34
2090,53
2091,12
2092,1845
2093,3015
2094,253
2095,17
2096,3711
2097,714
2098,2355
2099,1887
2100,44
2101,344
2102,128
2103,13
2104,940
2105,8972
2106,451
2107,18
2108,97
2109,103
2110,155
2111,136
2112,12
2113,1496
2114,44
2115,1521
2116,332
2117,17
2118,368
2119,344
2120,31
2121,36
2122,97
2123,404
2124,1277
2125,6445
2126,15
2127,557
2128,44
2129,1233
2130,309
2131,818
2132,328
2133,6283
2134,177
2135,1621
2136,22
2137,1482
2138,2615
2139,9994
2140,6460
2141,328
2142,8243
2143,378
2144,953
2145,126
2146,2363
2147,336
2148,1034
2149,309
2150,714
2151,708
2152,77
2153,115
2154,1482
2155,3711
2156,3334
2157,757
2158,97
2159,581
2160,714
2161,4880
2162,18
2163,770
2164,8291
2165,298
2166,22
2167,108
2168,97
2169,119
2170,255
2171,46
2172,136
2173,4880
2174,602
2175,43
2176,31
2177,204
2178,672
2179,375
2180,18
2181,17
2182,97
2183,28
2184,24
2185,3
2186,4199
2187,347
2188,343
2189,71
2190,602
2191,344
2192,44
2193,2189
2194,8
2195,108
2196,336
2197,43
2198,378
2199,3636
2200,33
2201,4126
2202,491
2203,7503
2204,151
2205,94
2206,6038
2207,248
2208,770
2209,403
2210,141
2211,136
2212,336
2213,375
2214,18
2215,3711
2216,1034
2217,557
2218,336
2219,6
2220,328
2221,1621
2222,114
2223,121
2224,3
2225,3839
2226,451
2227,1034
2228,1482
2229,40
2230,316
2231,167
2232,309
2233,472
2234,328
2235,3156
2236,20
2237,18
2238,347
2239,43
2240,286
2241,1168
2242,1506
2243,250
2244,253
2245,43
2246,128
2247,8972
2248,4338
2249,1277
2250,119
2251,2884
2252,250
2253,17
2254,31
2255,9845
2256,17
2257,1598
2258,5733
2259,39
2260,22
2261,1621
2262,347
2263,1277
2264,126
2265,11
2266,714
2267,167
2268,177
2269,46
2270,347
2271,136
2272,451
2273,1135
2274,328
2275,489
2276,46
2277,1135
2278,8667
2279,2324
2280,44
2281,1025
2282,128
2283,43
2284,204
2285,211
2286,255
2287,46
2288,1036
2289,128
2290,250
2291,1887
2292,350
2293,5908
2294,557
2295,672
2296,156
2297,2161
2298,453
2299,309
2300,40
2301,347
2302,7294
2303,682
2304,672
2305,344
2306,121
2307,3533
2308,78
2309,77
2310,136
2311,97
2312,6445
2313,980
2314,441
2315,8291
2316,46
2317,940
2318,20
2319,1277
2320,669
2321,167
2322,316
2323,1034
2324,43
2325,53
2326,151
2327,6371
2328,1182
2329,151
2330,7838
2331,17
2332,328
2333,79
2334,211
2335,46
2336,121
2337,164
2338,39
2339,136
2340,39
2341,17
2342,76
2343,7688
2344,286
2345,454
2346,9897
2347,344
2348,10
2349,375
2350,24
2351,114
2352,3446
2353,15
2354,262
2355,1482
2356,46
2357,1482
2358,9741
2359,43
2360,953
2361,108
2362,7918
2363,809
2364,1185
2365,108
2366,43
2367,128
2368,1034
2369,677
2370,672
2371,1277
2372,443
2373,309
2374,5198
2375,17
2376,1521
2377,441
2378,20
2379,43
2380,24
2381,119
2382,344
2383,714
2384,1521
2385,451
2386,328
2387,22
2388,332
2389,97
2390,5198
2391,757
2392,425
2393,316
2394,17
2395,277
2396,130
2397,82
2398,46
2399,328
2400,44
2401,11
2402,7838
2403,20
2404,4591
2405,2664
2406,1621
2407,537
2408,12
2409,5733
2410,1521
2411,46
2412,7173
2413,18
2414,36
2415,757
2416,46
2417,79
2418,1135
2419,925
2420,1277
2421,46
2422,925
2423,103
2424,1418
2425,82
2426,4244
2427,82
2428,714
2429,5198
2430,2363
2431,1418
2432,3511
2433,1375
2434,46
2435,557
2436,17
2437,262
2438,1977
2439,15
2440,103
2441,7503
2442,8667
2443,336
2444,46
2445,8027
2446,15
2447,5752
2448,454
2449,10
2450,114
2451,6
2452,44
2453,10
2454,97
2455,674
2456,1977
2457,298
2458,714
2459,97
2460,3852
2461,2
2462,151
2463,250
2464,17
2465,714
2466,167
2467,375
2468,1408
2469,714
2470,7848
2471,8249
2472,371
2473,46
2474,1000
2475,41
2476,677
2477,298
2478,940
2479,20
2480,108
2481,1845
2482,328
2483,1695
2484,328
2485,18
2486,714
2487,747
2488,1380
2489,1277
2490,101
2491,370
2492,451
2493,10
2494,11
2495,296
2496,6752
2497,309
2498,39
2499,39
2500,156
2501,1418
2502,204
2503,3358
2504,564
2505,196
2506,451
2507,71
2508,231
2509,3466
2510,1135
2511,682
2512,1208
2513,5733
2514,4
2515,277
2516,518
2517,15
2518,9897
2519,43
2520,3819
2521,177
2522,9845
2523,6
2524,43
2525,4099
2526,18
2527,451
2528,136
2529,1482
2530,818
2531,451
2532,127
2533,73
2534,18
2535,672
2536,3711
2537,3962
2538,136
2539,925
2540,18
2541,46
2542,672
2543,7463
2544,3962
2545,44
2546,737
2547,1365
2548,309
2549,6445
2550,77
2551,1672
2552,328
2553,43
2554,661
2555,2664
2556,1341
2557,1521
2558,682
2559,316
2560,607
2561,309
2562,1865
2563,347
2564,71
2565,103
2566,6445
2567,489
2568,20
2569,18
2570,17
2571,231
2572,22
2573,36
2574,3894
2575,82
2576,46
2577,250
2578,7
2579,136
2580,332
2581,3839
2582,211
2583,82
2584,375
2585,371
2586,747
2587,204
2588,59
2589,1521
2590,43
2591,347
2592,451
2593,1521
2594,4224
2595,537
2596,156
2597,1618
2598,1094
2599,127
2600,136
2601,260
2602,97
2603,336
2604,44
2605,537
2606,244
2607,262
2608,369
2609,50
2610,441
2611,106
2612,46
2613,1129
2614,375
2615,3466
2616,8203
2617,1432
2618,682
2619,1521
2620,1865
2621,31
2622,250
2623,2
2624,2615
2625,153
2626,46
2627,1182
2628,276
2629,2615
2630,39
2631,231
2632,204
2633,298
2634,1036
2635,81
2636,677
2637,1277
2638,3711
2639,27
2640,375
2641,3711
2642,537
2643,3334
2644,248
2645,39
2646,250
2647,1897
2648,177
2649,1521
2650,348
2651,332
2652,6371
2653,244
2654,46
2655,5733
2656,20
2657,20
2658,13
2659,2170
2660,20
2661,43
2662,22
2663,40
2664,15
2665,36
2666,328
2667,136
2668,18
2669,97
2670,204
2671,1248
2672,714
2673,4829
2674,46
2675,7838
2676,43
2677,332
2678,119
2679,164
2680,126
2681,12
2682,248
2683,94
2684,172
2685,2
2686,677
2687,672
2688,46
2689,27
2690,6445
2691,6445
2692,6
2693,1482
2694,437
2695,28
2696,1034
2697,2147
2698,336
2699,1845
2700,328
2701,336
2702,3
2703,451
2704,46
2705,264
2706,46
2707,451
2708,1496
2709,270
2710,443
2711,255
2712,2664
2713,1094
2714,672
2715,336
2716,929
2717,451
2718,128
2719,32
2720,336
2721,17
2722,46
2723,204
2724,77
2725,7294
2726,22
2727,1208
2728,79
2729,378
2730,430
2731,231
2732,128
2733,1521
2734,1621
2735,371
2736,211
2737,714
2738,18
2739,1727
2740,119
2741,155
2742,286
2743,13
2744,309
2745,209
2746,1621
2747,451
2748,20
2749,6670
2750,106
2751,602
2752,17
2753,3156
2754,3711
2755,454
2756,544
2757,46
2758,204
2759,714
2760,101
2761,451
2762,50
2763,1521
2764,1521
2765,20
2766,818
2767,2906
2768,32
2769,309
2770,12
2771,13
2772,1168
2773,18
2774,2615
2775,107
2776,770
2777,1521
2778,270
2779,672
2780,330
2781,6141
2782,260
2783,344
2784,97
2785,9845
2786,46
2787,288
2788,43
2789,3156
2790,136
2791,167
2792,6
2793,356
2794,5133
2795,3334
2796,818
2797,3894
2798,10
2799,344
2800,3839
2801,164
2802,1182
2803,46
2804,336
2805,103
2806,6038
2807,5697
2808,1977
2809,770
2810,1208
2811,672
2812,136
2813,2664
2814,677
2815,336
2816,5733
2817,451
2818,121
2819,298
2820,17
2821,1521
2822,46
2823,211
2824,1521
2825,46
2826,50
2827,36
2828,3466
2829,9897
2830,50
2831,953
2832,36
2833,650
2834,677
2835,136
2836,1034
2837,328
2838,41
2839,605
2840,929
2841,328
2842,130
2843,211
2844,328
2845,166
2846,714
2847,298
2848,8
2849,375
2850,151
2851,551
2852,5892
2853,2363
2854,925
2855,3777
2856,6445
2857,103
2858,2615
2859,10
2860,231
2861,164
2862,1621
2863,128
2864,277
2865,44
2866,7
2867,46
2868,46
2869,4
2870,1034
2871,27
2872,39
2873,20
2874,328
2875,309
2876,20
2877,208
2878,46
2879,255
2880,43
2881,1208
2882,4126
2883,4880
2884,27
2885,7294
2886,4880
2887,250
2888,7113
2889,1277
2890,328
2891,757
2892,39
2893,4224
2894,20
2895,375
2896,20
2897,819
2898,336
2899,20
2900,270
2901,43
2902,46
2903,316
2904,370
2905,164
2906,44
2907,1034
2908,1034
2909,248
2910,22
2911,1368
2912,43
2913,44
2914,2363
2915,53
2916,3248
2917,5069
2918,31
2919,111
2920,164
2921,155
2922,244
2923,1977
2924,204
2925,177
2926,11
2927,81
2928,1482
2929,39
2930,1168
2931,233
2932,672
2933,714
2934,940
2935,375
2936,39
2937,1361
2938,58
2939,343
2940,1621
2941,940
2942,20
2943,46
2944,1521
2945,298
2946,262
2947,128
2948,44
2949,71
2950,43
2951,682
2952,44
2953,13
2954,17
2955,277
2956,123
2957,3777
2958,309
2959,17
2960,3450
2961,7928
2962,1521
2963,103
2964,136
2965,43
2966,136
2967,328
2968,8667
2969,85
2970,677
2971,97
2972,451
2973,11
2974,1482
2975,309
2976,27
2977,15
2978,163
2979,371
2980,50
2981,31
2982,127
2983,6141
2984,8291
2985,444
2986,6285
2987,77
2988,343
2989,13
2990,940
2991,2196
2992,682
2993,298
2994,691
2995,10
2996,557
2997,8291
2998,1129
2999,20
3000,332
3001,136
3002,6445
3003,46
3004,358
3005,46
3006,6141
3007,818
3008,454
3009,7113
3010,82
3011,28
3012,1094
3013,557
3014,1753
3015,1618
3016,672
3017,336
3018,1865
3019,1482
3020,672
3021,2233
3022,78
3023,231
3024,8724
3025,1129
3026,3156
3027,127
3028,151
3029,336
3030,242
3031,255
3032,1521
3033,79
3034,136
3035,17
3036,3334
3037,370
3038,1598
3039,564
3040,250
3041,13
3042,101
3043,3711
3044,20
3045,204
3046,82
3047,1738
3048,403
3049,36
3050,46
3051,3636
3052,1521
3053,8203
3054,108
3055,37
3056,1899
3057,164
3058,50
3059,5752
3060,6016
3061,609
3062,97
3063,114
3064,6445
3065,132
3066,3466
3067,50
3068,7463
3069,1277
3070,22
3071,164
3072,128
3073,97
3074,82
3075,1899
3076,4880
3077,20
3078,2844
3079,347
3080,1025
3081,31
3082,344
3083,1618
3084,371
3085,82
3086,1977
3087,1521
3088,714
3089,7503
3090,1521
3091,77
3092,5733
3093,27
3094,1025
3095,1668
3096,298
3097,1621
3098,371
3099,3156
3100,204
3101,8667
3102,9
3103,328
3104,444
3105,164
3106,15
3107,298
3108,1618
3109,53
3110,27
3111,211
3112,123
3113,248
3114,103
3115,407
3116,1845
3117,568
3118,3334
3119,9897
3120,344
3121,714
3122,126
3123,336
3124,1696
3125,108
3126,46
3127,682
3128,15
3129,316
3130,602
3131,708
3132,1482
3133,121
3134,97
3135,3334
3136,5733
3137,39
3138,1521
3139,277
3140,602
3141,3334
3142,45
3143,46
3144,3788
3145,107
3146,136
3147,555
3148,1482
3149,1598
3150,136
3151,41
3152,46
3153,445
3154,1951
3155,336
3156,6439
3157,204
3158,77
3159,332
3160,136
3161,5165
3162,250
3163,6316
3164,20
3165,5
3166,1368
3167,36
3168,6141
3169,298
3170,130
3171,316
3172,1277
3173,1065
3174,39
3175,22
3176,97
3177,444
3178,3711
3179,3711
3180,1738
3181,3
3182,164
3183,231
3184,1315
3185,465
3186,97
3187,167
3188,3466
3189,97
3190,1034
3191,602
3192,443
3193,344
3194,1368
3195,15
3196,369
3197,818
3198,155
3199,244
3200,1277
3201,2165
3202,211
3203,1482
3204,97
3205,97
3206,344
3207,1621
3208,5165
3209,3334
3210,313
3211,5733
3212,17
3213,461
3214,3156
3215,1521
3216,770
3217,2906
3218,224
3219,9
3220,248
3221,2906
3222,9033
3223,757
3224,6563
3225,430
3226,20
3227,46
3228,103
3229,3647
3230,46
3231,46
3232,39
3233,336
3234,7838
3235,1598
3236,53
3237,46
3238,332
3239,150
3240,97
3241,7838
3242,451
3243,1521
3244,7294
3245,1368
3246,136
3247,11
3248,27
3249,4880
3250,258
3251,672
3252,25
3253,1482
3254,332
3255,43
3256,97
3257,288
3258,15
3259,46
3260,17
3261,163
3262,1621
3263,166
3264,43
3265,20
3266,27
3267,1
3268,46
3269,672
3270,672
3271,451
3272,5733
3273,714
3274,97
3275,330
3276,46
3277,469
3278,7838
3279,375
3280,97
3281,43
3282,1034
3283,10
3284,309
3285,344
3286,2492
3287,1277
3288,443
3289,211
3290,40
3291,136
3292,103
3293,15
3294,9864
3295,18
3296,8667
3297,20
3298,211
3299,44
3300,18
3301,22
3302,809
3303,250
3304,332
3305,6439
3306,451
3307,255
3308,108
3309,528
3310,20
3311,4880
3312,20
3313,375
3314,43
3315,20
3316,1254
3317,20
3318,757
3319,136
3320,43
3321,248
3322,343
3323,1597
3324,770
3325,3711
3326,344
3327,41
3328,286
3329,1991
3330,4199
3331,714
3332,7838
3333,103
3334,336
3335,661
3336,537
3337,1621
3338,7838
3339,2578
3340,77
3341,5513
3342,8
3343,348
3344,37
3345,18
3346,1521
3347,3711
3348,64
3349,92
3350,714
3351,3156
3352,136
3353,46
3354,8291
3355,45
3356,650
3357,192
3358,349
3359,20
3360,328
3361,8067
3362,167
3363,682
3364,18
3365,332
3366,11
3367,15
3368,20
3369,53
3370,39
3371,20
3372,27
3373,126
3374,375
3375,344
3376,549
3377,1438
3378,92
3379,46
3380,1482
3381,2363
3382,224
3383,3334
3384,6439
3385,126
3386,43
3387,13
3388,9113
3389,7463
3390,5770
3391,3781
3392,309
3393,316
3394,501
3395,714
3396,45
3397,7838
3398,642
3399,3586
3400,347
3401,672
3402,332
3403,3781
3404,1277
3405,8
3406,5120
3407,9845
3408,330
3409,277
3410,1034
3411,4880
3412,3554
3413,1361
3414,44
3415,155
3416,2241
3417,20
3418,621
3419,46
3420,43
3421,43
3422,451
3423,92
3424,332
3425,2845
3426,309
3427,37
3428,3781
3429,298
3430,22
3431,391
3432,1673
3433,7294
3434,1482
3435,4638
3436,53
3437,10
3438,153
3439,1521
3440,204
3441,211
3442,332
3443,4224
3444,4880
3445,20
3446,1521
3447,255
3448,981
3449,2906
3450,8155
3451,298
3452,7294
3453,499
3454,46
3455,46
3456,64
3457,1482
3458,451
3459,1277
3460,1277
3461,211
3462,64
3463,43
3464,46
3465,39
3466,136
3467,925
3468,1277
3469,82
3470,277
3471,5733
3472,7838
3473,155
3474,97
3475,31
3476,6445
3477,309
3478,136
3479,1182
3480,399
3481,1521
3482,344
3483,1277
3484,82
3485,1129
3486,114
3487,1418
3488,167
3489,15
3490,13
3491,39
3492,77
3493,2906
3494,1621
3495,11
3496,20
3497,1034
3498,1598
3499,770
3500,192
3501,1899
3502,770
3503,2844
3504,92
3505,1977
3506,27
3507,4880
3508,155
3509,18
3510,90
3511,378
3512,1521
3513,370
3514,15
3515,2906
3516,6445
3517,298
3518,332
3519,97
3520,894
3521,316
3522,46
3523,136
3524,255
3525,2165
3526,136
3527,2906
3528,682
3529,371
3530,136
3531,6445
3532,46
3533,103
3534,4880
3535,126
3536,343
3537,4615
3538,10
3539,20
3540,91
3541,17
3542,126
3543,7387
3544,103
3545,167
3546,127
3547,164
3548,155
3549,925
3550,114
3551,298
3552,1168
3553,1438
3554,128
3555,277
3556,234
3557,332
3558,701
3559,177
3560,3334
3561,380
3562,1482
3563,6
3564,5613
3565,204
3566,1375
3567,818
3568,1277
3569,44
3570,163
3571,226
3572,328
3573,288
3574,343
3575,108
3576,155
3577,41
3578,378
3579,2664
3580,1368
3581,1521
3582,46
3583,1313
3584,557
3585,12
3586,46
3587,309
3588,375
3589,328
3590,248
3591,44
3592,1598
3593,3156
3594,328
3595,407
3596,39
3597,44
3598,1696
3599,22
3600,32
3601,46
3602,167
3603,255
3604,2338
3605,7294
3606,43
3607,7838
3608,672
3609,347
3610,309
3611,97
3612,7838
3613,1521
3614,24
3615,1277
3616,328
3617,7421
3618,62
3619,244
3620,18
3621,7838
3622,167
3623,211
3624,672
3625,43
3626,82
3627,15
3628,31
3629,277
3630,5770
3631,44
3632,5752
3633,77
3634,1361
3635,330
3636,677
3637,5165
3638,3094
3639,36
3640,1521
3641,46
3642,44
3643,92
3644,1368
3645,103
3646,2054
3647,328
3648,43
3649,46
3650,1521
3651,46
3652,46
3653,1034
3654,128
3655,90
3656,328
3657,255
3658,70
3659,27
3660,672
3661,963
3662,17
3663,407
3664,136
3665,2293
3666,336
3667,328
3668,288
3669,46
3670,316
3671,3334
3672,8
3673,8291
3674,1672
3675,370
3676,1034
3677,20
3678,18
3679,43
3680,451
3681,277
3682,31
3683,818
3684,1034
3685,1277
3686,564
3687,309
3688,128
3689,43
3690,8249
3691,929
3692,298
3693,10
3694,735
3695,151
3696,97
3697,167
3698,602
3699,36
3700,298
3701,27
3702,2
3703,90
3704,375
3705,8203
3706,1521
3707,309
3708,209
3709,940
3710,1182
3711,4880
3712,167
3713,1621
3714,714
3715,82
3716,77
3717,6445
3718,925
3719,328
3720,6
3721,53
3722,17
3723,5251
3724,1521
3725,818
3726,53
3727,18
3728,336
3729,97
3730,6
3731,22
3732,58
3733,1621
3734,672
3735,672
3736,211
3737,309
3738,114
3739,682
3740,204
3741,46
3742,770
3743,328
3744,7378
3745,46
3746,82
3747,46
3748,25
3749,672
3750,32
3751,127
3752,1277
3753,1000
3754,2682
3755,3513
3756,204
3757,25
3758,136
3759,7838
3760,119
3761,46
3762,568
3763,101
3764,672
3765,46
3766,82
3767,45
3768,3711
3769,37
3770,103
3771,128
3772,493
3773,67
3774,672
3775,45
3776,136
3777,46
3778,231
3779,46
3780,1097
3781,6445
3782,49
3783,39
3784,46
3785,156
3786,46
3787,155
3788,44
3789,46
3790,672
3791,17
3792,39
3793,99
3794,1672
3795,4126
3796,5892
3797,248
3798,336
3799,1956
3800,8
3801,672
3802,31
3803,1521
3804,151
3805,20
3806,108
3807,375
3808,7463
3809,7294
3810,677
3811,403
3812,277
3813,7503
3814,248
3815,43
3816,2710
3817,187
3818,130
3819,192
3820,103
3821,192
3822,255
3823,22
3824,6445
3825,682
3826,909
3827,296
3828,39
3829,155
3830,20
3831,380
3832,378
3833,5120
3834,7503
3835,130
3836,28
3837,248
3838,32
3839,358
3840,555
3841,4126
3842,309
3843,46
3844,164
3845,344
3846,130
3847,451
3848,430
3849,672
3850,39
3851,46
3852,1135
3853,1182
3854,12
3855,177
3856,1215
3857,1977
3858,7294
3859,17
3860,929
3861,1129
3862,3647
3863,5995
3864,465
3865,7838
3866,46
3867,672
3868,375
3869,309
3870,672
3871,375
3872,136
3873,13
3874,925
3875,84
3876,106
3877,665
3878,1977
3879,1277
3880,10
3881,11
3882,770
3883,451
3884,17
3885,17
3886,167
3887,770
3888,1277
3889,371
3890,5576
3891,92
3892,277
3893,20
3894,43
3895,1521
3896,2615
3897,2363
3898,1618
3899,97
3900,8291
3901,1182
3902,114
3903,451
3904,150
3905,136
3906,322
3907,163
3908,332
3909,97
3910,344
3911,672
3912,31
3913,31
3914,167
3915,136
3916,7503
3917,18
3918,151
3919,46
3920,650
3921,22
3922,1482
3923,6439
3924,11
3925,1368
3926,77
3927,103
3928,1208
3929,82
3930,8291
3931,128
3932,45
3933,757
3934,136
3935,2807
3936,328
3937,46
3938,13
3939,50
3940,672
3941,8
3942,672
3943,40
3944,1618
3945,164
3946,82
3947,322
3948,540
3949,445
3950,2363
3951,1609
3952,4099
3953,115
3954,1432
3955,1432
3956,7838
3957,244
3958,4168
3959,1521
3960,407
3961,224
3962,40
3963,288
3964,94
3965,204
3966,7668
3967,1977
3968,40
3969,6
3970,253
3971,94
3972,332
3973,328
3974,46
3975,114
3976,22
3977,564
3978,6439
3979,714
3980,672
3981,1277
3982,672
3983,32
3984,36
3985,3962
3986,1845
3987,77
3988,375
3989,37
3990,1482
3991,714
3992,980
3993,347
3994,163
3995,244
3996,192
3997,3526
3998,1126
3999,1034
4000,17
4001,309
4002,4099
4003,8
4004,4224
4005,46
4006,43
4007,4143
4008,167
4009,13
4010,36
4011,316
4012,39
4013,8107
4014,36
4015,11
4016,108
4017,2262
4018,82
4019,224
4020,136
4021,43
4022,714
4023,3554
4024,309
4025,46
4026,82
4027,53
4028,328
4029,336
4030,13
4031,27
4032,1482
4033,672
4034,1182
4035,8291
4036,8291
4037,1275
4038,41
4039,399
4040,537
4041,44
4042,7838
4043,169
4044,18
4045,18
4046,136
4047,336
4048,672
4049,328
4050,46
4051,255
4052,27
4053,621
4054,682
4055,277
4056,336
4057,46
4058,77
4059,82
4060,1277
4061,211
4062,1521
4063,363
4064,8667
4065,3
4066,378
4067,166
4068,2906
4069,46
4070,672
4071,58
4072,2113
4073,328
4074,46
4075,343
4076,6563
4077,564
4078,5120
4079,672
4080,677
4081,171
4082,672
4083,328
4084,1025
4085,46
4086,172
4087,1618
4088,1034
4089,211
4090,343
4091,672
4092,294
4093,4880
4094,13
4095,1034
4096,309
4097,316
4098,5467
4099,8667
4100,15
4101,336
4102,12
4103,378
4104,8291
4105,43
4106,77
4107,328
4108,253
4109,1036
4110,43
4111,17
4112,309
4113,378
4114,31
4115,155
4116,119
4117,375
4118,82
4119,328
4120,204
4121,155
4122,39
4123,2615
4124,233
4125,167
4126,128
4127,6371
4128,44
4129,454
4130,328
4131,480
4132,1865
4133,1976
4134,336
4135,544
4136,136
4137,6
4138,43
4139,39
4140,3647
4141,6
4142,211
4143,13
4144,46
4145,1208
4146,2
4147,46
4148,328
4149,288
4150,672
4151,2241
4152,181
4153,46
4154,103
4155,672
4156,82
4157,1521
4158,1277
4159,7503
4160,114
4161,164
4162,82
4163,177
4164,1618
4165,10
4166,1521
4167,45
4168,46
4169,8291
4170,46
4171,46
4172,298
4173,1234
4174,336
4175,108
4176,166
4177,136
4178,5733
4179,36
4180,15
4181,46
4182,103
4183,1034
4184,454
4185,3156
4186,1521
4187,2385
4188,557
4189,155
4190,46
4191,43
4192,7838
4193,714
4194,336
4195,22
4196,244
4197,136
4198,298
4199,34
4200,103
4201,336
4202,345
4203,242
4204,242
4205,46
4206,155
4207,786
4208,672
4209,1865
4210,1277
4211,25
4212,341
4213,136
4214,328
4215,82
4216,399
4217,39
4218,3839
4219,32
4220,1618
4221,409
4222,5641
4223,40
4224,6
4225,161
4226,9897
4227,1521
4228,161
4229,7838
4230,58
4231,770
4232,46
4233,248
4234,277
4235,39
4236,248
4237,1034
4238,2845
4239,2682
4240,39
4241,20
4242,316
4243,3781
4244,9845
4245,7838
4246,1
4247,97
4248,36
4249,46
4250,370
4251,128
4252,3781
4253,362
4254,344
4255,2025
4256,602
4257,1277
4258,6038
4259,336
4260,97
4261,677
4262,3156
4263,8972
4264,46
4265,336
4266,4880
4267,1482
4268,76
4269,1277
4270,344
4271,27
4272,298
4273,8291
4274,5198
4275,2165
4276,27
4277,2664
4278,20
4279,164
4280,1977
4281,72
4282,557
4283,1277
4284,10
4285,224
4286,20
4287,17
4288,82
4289,3526
4290,770
4291,1034
4292,46
4293,1277
4294,343
4295,1977
4296,31
4297,1621
4298,1277
4299,119
4300,493
4301,255
4302,3777
4303,5733
4304,8291
4305,309
4306,925
4307,8
4308,5733
4309,336
4310,177
4311,44
4312,407
4313,328
4314,119
4315,1208
4316,119
4317,1887
4318,5733
4319,1034
4320,672
4321,136
4322,328
4323,294
4324,4
4325,3248
4326,1366
4327,672
4328,127
4329,451
4330,330
4331,218
4332,309
4333,9160
4334,1036
4335,58
4336,8249
4337,46
4338,18
4339,6371
4340,1208
4341,164
4342,370
4343,343
4344,9284
4345,757
4346,714
4347,2
4348,557
4349,43
4350,344
4351,557
4352,77
4353,27
4354,1647
4355,44
4356,106
4357,39
4358,5120
4359,581
4360,27
4361,6439
4362,375
4363,1034
4364,8027
4365,1521
4366,27
4367,15
4368,677
4369,101
4370,602
4371,1368
4372,136
4373,1034
4374,130
4375,58
4376,177
4377,298
4378,9897
4379,1034
4380,3839
4381,316
4382,1134
4383,94
4384,2059
4385,5198
4386,46
4387,757
4388,818
4389,10
4390,8243
4391,39
4392,672
4393,2664
4394,58
4395,24
4396,3466
4397,1618
4398,309
4399,18
4400,132
4401,155
4402,90
4403,672
4404,20
4405,136
4406,1618
4407,925
4408,1277
4409,3094
4410,298
4411,375
4412,128
4413,8
4414,298
4415,151
4416,672
4417,6141
4418,288
4419,9160
4420,9897
4421,17
4422,27
4423,289
4424,13
4425,2811
4426,5752
4427,82
4428,43
4429,136
4430,204
4431,13
4432,1521
4433,1797
4434,1672
4435,136
4436,136
4437,97
4438,8
4439,255
4440,44
4441,255
4442,71
4443,6371
4444,4880
4445,24
4446,691
4447,1361
4448,451
4449,3711
4450,46
4451,136
4452,82
4453,461
4454,31
4455,421
4456,41
4457,451
4458,39
4459,328
4460,328
4461,581
4462,3711
4463,32
4464,672
4465,2248
4466,1408
4467,108
4468,3466
4469,1496
4470,1521
4471,92
4472,409
4473,6439
4474,103
4475,103
4476,5198
4477,8485
4478,770
4479,1598
4480,940
4481,298
4482,6884
4483,13
4484,167
4485,108
4486,177
4487,441
4488,2
4489,10
4490,1277
4491,46
4492,425
4493,250
4494,27
4495,151
4496,770
4497,211
4498,177
4499,818
4500,22
4501,1418
4502,6
4503,46
4504,136
4505,4669
4506,4638
4507,71
4508,64
4509,164
4510,155
4511,501
4512,332
4513,493
4514,309
4515,1361
4516,46
4517,31
4518,3839
4519,0
4520,747
4521,2116
4522,537
4523,1577
4524,43
4525,46
4526,204
4527,451
4528,8972
4529,163
4530,650
4531,20
4532,344
4533,127
4534,136
4535,163
4536,97
4537,322
4538,46
4539,328
4540,441
4541,163
4542,451
4543,344
4544,1126
4545,375
4546,155
4547,6421
4548,20
4549,97
4550,11
4551,211
4552,18
4553,103
4554,3711
4555,681
4556,4859
4557,3334
4558,1277
4559,164
4560,1277
4561,494
4562,365
4563,4
4564,1482
4565,128
4566,53
4567,119
4568,494
4569,1208
4570,309
4571,255
4572,155
4573,97
4574,46
4575,255
4576,7838
4577,773
4578,1598
4579,128
4580,289
4581,682
4582,2753
4583,2490
4584,136
4585,1277
4586,1418
4587,260
4588,46
4589,5733
4590,309
4591,8
4592,1277
4593,126
4594,155
4595,46
4596,605
4597,7294
4598,17
4599,332
4600,344
4601,4669
4602,5892
4603,46
4604,672
4605,233
4606,5733
4607,332
4608,277
4609,6207
4610,11
4611,3711
4612,328
4613,344
4614,3711
4615,24
4616,1034
4617,3711
4618,451
4619,10
4620,1014
4621,344
4622,50
4623,537
4624,406
4625,5198
4626,3839
4627,864
4628,557
4629,3839
4630,44
4631,3711
4632,32
4633,11
4634,770
4635,18
4636,31
4637,605
4638,1208
4639,103
4640,128
4641,3711
4642,343
4643,46
4644,253
4645,64
4646,218
4647,9845
4648,1977
4649,3781
4650,672
4651,8291
4652,4
4653,43
4654,12
4655,46
4656,76
4657,82
4658,7294
4659,39
4660,6
4661,1277
4662,166
4663,11
4664,27
4665,136
4666,1025
4667,161
4668,1368
4669,250
4670,1482
4671,204
4672,602
4673,309
4674,5733
4675,1521
4676,46
4677,528
4678,940
4679,103
4680,167
4681,17
4682,6
4683,11
4684,377
4685,46
4686,3711
4687,43
4688,204
4689,27
4690,255
4691,3094
4692,166
4693,650
4694,8
4695,4880
4696,773
4697,406
4698,818
4699,82
4700,103
4701,1598
4702,864
4703,4224
4704,832
4705,15
4706,309
4707,375
4708,43
4709,15
4710,277
4711,32
4712,309
4713,15
4714,344
4715,1899
4716,45
4717,5733
4718,1182
4719,1482
4720,1361
4721,126
4722,85
4723,17
4724,1521
4725,97
4726,1668
4727,770
4728,558
4729,46
4730,650
4731,925
4732,1135
4733,1621
4734,344
4735,2492
4736,31
4737,10
4738,170
4739,130
4740,9
4741,20
4742,34
4743,172
4744,6445
4745,336
4746,6
4747,8667
4748,4880
4749,77
4750,7503
4751,8
4752,336
4753,10
4754,43
4755,46
4756,7463
4757,3711
4758,1672
4759,399
4760,328
4761,1368
4762,244
4763,224
4764,1482
4765,2398
4766,18
4767,151
4768,111
4769,1598
4770,1618
4771,248
4772,5069
4773,92
4774,46
4775,15
4776,3711
4777,623
4778,46
4779,164
4780,1521
4781,494
4782,27
4783,136
4784,328
4785,136
4786,925
4787,3334
4788,602
4789,770
4790,332
4791,8
4792,136
4793,108
4794,34
4795,136
4796,77
4797,375
4798,3781
4799,1034
4800,328
4801,24
4802,44
4803,309
4804,3711
4805,90
4806,46
4807,602
4808,172
4809,177
4810,1270
4811,328
4812,46
4813,3466
4814,672
4815,250
4816,332
4817,161
4818,2615
4819,151
4820,770
4821,509
4822,3839
4823,2000
4824,151
4825,570
4826,7838
4827,9160
4828,1208
4829,44
4830,124
4831,18
4832,128
4833,8203
4834,672
4835,0
4836,444
4837,1621
4838,363
4839,128
4840,336
4841,564
4842,350
4843,336
4844,18
4845,136
4846,1034
4847,46
4848,15
4849,128
4850,77
4851,3334
4852,231
4853,1482
4854,18
4855,925
4856,328
4857,245
4858,43
4859,43
4860,3466
4861,7113
4862,557
4863,13
4864,46
4865,211
4866,980
4867,18
4868,1094
4869,8291
4870,378
4871,8291
4872,5733
4873,82
4874,255
4875,167
4876,141
4877,46
4878,18
4879,570
4880,343
4881,211
4882,20
4883,20
4884,336
4885,143
4886,7294
4887,677
4888,18
4889,15
4890,277
4891,557
4892,32
4893,13
4894,509
4895,6
4896,1277
4897,1865
4898,3781
4899,22
4900,71
4901,371
4902,248
4903,46
4904,322
4905,150
4906,298
4907,44
4908,714
4909,46
4910,2492
4911,136
4912,4880
4913,328
4914,2293
4915,9605
4916,103
4917,1482
4918,136
4919,336
4920,757
4921,101
4922,97
4923,557
4924,46
4925,204
4926,714
4927,46
4928,36
4929,356
4930,46
4931,46
4932,5733
4933,770
4934,953
4935,20
4936,8667
4937,130
4938,328
4939,1555
4940,204
4941,15
4942,1887
4943,63
4944,757
4945,136
4946,298
4947,336
4948,770
4949,127
4950,1295
4951,1368
4952,8
4953,22
4954,316
4955,551
4956,298
4957,672
4958,20
4959,231
4960,375
4961,1845
4962,15
4963,211
4964,41
4965,1738
4966,177
4967,136
4968,103
4969,1845
4970,489
4971,2
4972,43
4973,44
4974,1277
4975,309
4976,7838
4977,127
4978,328
4979,677
4980,714
4981,15
4982,1208
4983,682
4984,46
4985,17
4986,570
4987,224
4988,103
4989,454
4990,770
4991,250
4992,672
4993,328
4994,126
4995,46
4996,4224
4997,15
4998,36
4999,557
5000,204
5001,309
5002,4880
5003,375
5004,298
5005,1135
5006,151
5007,8
5008,151
5009,3466
5010,3781
5011,818
5012,167
5013,1096
5014,7294
5015,17
5016,3839
5017,1277
5018,164
5019,1025
5020,682
5021,106
5022,136
5023,8
5024,15
5025,1621
5026,298
5027,119
5028,77
5029,309
5030,8
5031,151
5032,3466
5033,151
5034,167
5035,3711
5036,5733
5037,358
5038,344
5039,3466
5040,108
5041,358
5042,298
5043,672
5044,1135
5045,378
5046,602
5047,1094
5048,101
5049,344
5050,298
5051,557
5052,5733
5053,6752
5054,277
5055,101
5056,25
5057,167
5058,441
5059,493
5060,298
5061,6445
5062,58
5063,32
5064,108
5065,36
5066,167
5067,31
5068,1621
5069,151
5070,4880
5071,108
5072,1621
5073,309
5074,4099
5075,1368
5076,3466
5077,108
5078,344
5079,557
5080,4880
5081,5733
5082,3466
5083,3777
5084,3070
5085,167
5086,136
5087,557
5088,167
5089,2165
5090,1621
5091,1621
5092,1621
5093,1621
5094,108
5095,31
5096,3466
5097,421
5098,4615
5099,31
5100,309
5101,3466
5102,1168
5103,248
5104,3466
5105,31
5106,3466
5107,108
5108,557
5109,130
5110,108
5111,4620
5112,1621
5113,5733
5114,92
5115,167
5116,167
5117,3711
5118,344
5119,45
5120,31
5121,108
5122,6139
5123,3466
5124,451
5125,5467
5126,3466
5127,31
5128,5733
5129,375
5130,5165
5131,167
5132,3156
5133,151
5134,234
5135,3466
5136,167
5137,5165
5138,4615
5139,451
5140,31
5141,557
5142,375
5143,5641
5144,6207
5145,167
5146,344
5147,557
5148,5733
5149,15
5150,277
5151,39
5152,18
5153,296
5154,3177
5155,130
5156,399
5157,204
5158,1418
5159,309
5160,323
5161,1305
5162,250
5163,819
5164,5251
5165,130
5166,1621
5167,277
5168,155
5169,7838
5170,1531
5171,260
5172,298
5173,128
5174,248
5175,2492
5176,309
5177,92
5178,11
5179,328
5180,328
5181,6445
5182,298
5183,298
5184,3839
5185,682
5186,1482
5187,323
5188,375
5189,344
5190,378
5191,1277
5192,6371
5193,7294
5194,409
5195,1277
5196,244
5197,248
5198,309
5199,953
5200,125
5201,39
5202,7838
5203,46
5204,604
5205,441
5206,18
5207,363
5208,3094
5209,708
5210,940
5211,43
5212,155
5213,714
5214,77
5215,2615
5216,15
5217,445
5218,674
5219,298
5220,537
5221,3
5222,177
5223,661
5224,155
5225,31
5226,375
5227,3094
5228,714
5229,248
5230,58
5231,128
5232,1096
5233,309
5234,250
5235,1305
5236,375
5237,344
5238,8667
5239,336
5240,9916
5241,557
5242,298
5243,130
5244,130
5245,342
5246,31
5247,925
5248,248
5249,672
5250,15
5251,130
5252,3156
5253,151
5254,5733
5255,20
5256,4880
5257,151
5258,3156
5259,672
5260,3466
5261,31
5262,211
5263,167
5264,97
5265,674
5266,15
5267,15
5268,298
5269,5120
5270,1521
5271,1482
5272,31
5273,44
5274,11
5275,9897
5276,953
5277,347
5278,3466
5279,328
5280,451
5281,5733
5282,31
5283,204
5284,298
5285,18
5286,714
5287,1956
5288,309
5289,103
5290,20
5291,1621
5292,757
5293,151
5294,4880
5295,9897
5296,332
5297,8667
5298,309
5299,328
5300,128
5301,330
5302,44
5303,714
5304,714
5305,451
5306,818
5307,1521
5308,31
5309,344
5310,406
5311,925
5312,3466
5313,328
5314,32
5315,4880
5316,1621
5317,8667
5318,5733
5319,298
5320,1521
5321,1521
5322,11
5323,1621
5324,92
5325,244
5326,328
5327,1621
5328,8972
5329,682
5330,682
5331,468
5332,8
5333,9160
5334,347
5335,298
5336,425
5337,20
5338,31
5339,1887
5340,365
5341,8249
5342,3711
5343,128
5344,103
5345,11
5346,682
5347,18
5348,309
5349,1368
5350,5733
5351,244
5352,4880
5353,20
5354,714
5355,4880
5356,77
5357,224
5358,665
5359,682
5360,336
5361,5733
5362,11
5363,5165
5364,605
5365,347
5366,757
5367,2165
5368,451
5369,20
5370,43
5371,92
5372,6207
5373,103
5374,244
5375,336
5376,1432
5377,4951
5378,224
5379,1094
5380,309
5381,31
5382,4224
5383,8249
5384,43
5385,370
5386,103
5387,1368
5388,103
5389,9897
5390,757
5391,714
5392,5816
5393,298
5394,441
5395,71
5396,3781
5397,44
5398,1521
5399,5733
5400,558
5401,27
5402,347
5403,556
5404,298
5405,451
5406,5733
5407,97
5408,277
5409,255
5410,244
5411,50
5412,328
5413,6445
5414,371
5415,672
5416,1482
5417,378
5418,277
5419,94
5420,2790
5421,167
5422,650
5423,8027
5424,309
5425,250
5426,1277
5427,757
5428,557
5429,925
5430,672
5431,1135
5432,151
5433,1668
5434,6445
5435,1521
5436,757
5437,328
5438,375
5439,298
5440,3466
5441,255
5442,5733
5443,451
5444,32
5445,407
5446,294
5447,253
5448,94
5449,31
5450,451
5451,32
5452,3711
5453,1482
5454,277
5455,97
5456,103
5457,2399
5458,50
5459,672
5460,1135
5461,32
5462,375
5463,451
5464,17
5465,328
5466,328
5467,167
5468,277
5469,3711
5470,3711
5471,1000
5472,277
5473,27
5474,296
5475,24
5476,94
5477,1135
5478,375
5479,1418
5480,5995
5481,50
5482,328
5483,129
5484,167
5485,328
5486,1621
5487,31
5488,1597
5489,375
5490,1621
5491,136
5492,277
5493,177
5494,15
5495,5055
5496,101
5497,58
5498,328
5499,1621
5500,94
5501,167
5502,15
5503,298
5504,277
5505,20
5506,46
5507,555
5508,344
5509,1034
5510,44
5511,714
5512,328
5513,20
5514,46
5515,562
5516,4224
5517,2401
5518,44
5519,2025
5520,46
5521,15
5522,316
5523,1598
5524,46
5525,8
5526,1521
5527,136
5528,44
5529,1521
5530,316
5531,451
5532,1977
5533,5165
5534,8291
5535,46
5536,41
5537,103
5538,82
5539,7863
5540,328
5541,344
5542,115
5543,27
5544,8291
5545,15
5546,136
5547,2025
5548,123
5549,328
5550,46
5551,328
5552,8291
5553,46
5554,343
5555,44
5556,167
5557,15
5558,5908
5559,2268
5560,371
5561,255
5562,277
5563,347
5564,809
5565,11
5566,127
5567,6439
5568,167
5569,4895
5570,151
5571,18
5572,18
5573,244
5574,18
5575,136
5576,347
5577,9539
5578,77
5579,2615
5580,11
5581,818
5582,103
5583,8972
5584,672
5585,316
5586,330
5587,0
5588,46
5589,136
5590,8291
5591,3334
5592,20
5593,130
5594,46
5595,332
5596,44
5597,13
5598,248
5599,691
5600,621
5601,5120
5602,336
5603,672
5604,46
5605,15
5606,44
5607,13
5608,85
5609,255
5610,103
5611,568
5612,336
5613,557
5614,46
5615,15
5616,2664
5617,336
5618,682
5619,164
5620,103
5621,136
5622,336
5623,2025
5624,248
5625,344
5626,15
5627,136
5628,114
5629,15
5630,22
5631,36
5632,248
5633,4615
5634,277
5635,9845
5636,15
5637,46
5638,44
5639,1887
5640,103
5641,15
5642,177
5643,45
5644,375
5645,2539
5646,46
5647,136
5648,6
5649,328
5650,2615
5651,46
5652,451
5653,451
5654,528
5655,92
5656,1668
5657,328
5658,407
5659,3711
5660,231
5661,127
5662,310
5663,537
5664,491
5665,8249
5666,43
5667,15
5668,64
5669,672
5670,537
5671,336
5672,336
5673,557
5674,44
5675,99
5676,31
5677,132
5678,13
5679,36
5680,770
5681,1408
5682,155
5683,265
5684,3711
5685,20
5686,672
5687,44
5688,336
5689,46
5690,38
5691,46
5692,15
5693,8249
5694,255
5695,557
5696,82
5697,77
5698,336
5699,46
5700,27
5701,375
5702,164
5703,44
5704,1034
5705,1146
5706,17
5707,11
5708,44
5709,621
5710,770
5711,32
5712,260
5713,13
5714,454
5715,7984
5716,15
5717,277
5718,672
5719,136
5720,36
5721,1521
5722,127
5723,31
5724,44
5725,2884
5726,2615
5727,714
5728,298
5729,128
5730,309
5731,1521
5732,1482
5733,45
5734,9
5735,128
5736,58
5737,672
5738,1482
5739,45
5740,204
5741,298
5742,0
5743,332
5744,818
5745,430
5746,32
5747,7503
5748,45
5749,128
5750,451
5751,108
5752,6343
5753,136
5754,103
5755,167
5756,130
5757,925
5758,121
5759,5733
5760,155
5761,757
5762,1482
5763,757
5764,316
5765,128
5766,77
5767,370
5768,58
5769,10
5770,167
5771,344
5772,370
5773,328
5774,11
5775,128
5776,43
5777,375
5778,602
5779,682
5780,344
5781,298
5782,1277
5783,127
5784,1277
5785,45
5786,1482
5787,5251
5788,167
5789,328
5790,107
5791,672
5792,9079
5793,714
5794,1992
5795,328
5796,682
5797,344
5798,489
5799,757
5800,17
5801,451
5802,9897
5803,277
5804,8972
5805,298
5806,451
5807,44
5808,528
5809,32
5810,167
5811,5733
5812,602
5813,309
5814,50
5815,682
5816,298
5817,298
5818,1521
5819,332
5820,2165
5821,27
5822,103
5823,2316
5824,7503
5825,1277
5826,103
5827,451
5828,3711
5829,288
5830,1521
5831,46
5832,298
5833,18
5834,167
5835,103
5836,77
5837,5166
5838,91
5839,1621
5840,31
5841,50
5842,537
5843,18
5844,255
5845,103
5846,375
5847,151
5848,1482
5849,15
5850,2664
5851,8
5852,114
5853,3781
5854,103
5855,248
5856,371
5857,277
5858,253
5859,46
5860,344
5861,328
5862,4224
5863,15
5864,136
5865,1521
5866,103
5867,330
5868,336
5869,11
5870,1521
5871,136
5872,43
5873,46
5874,1025
5875,375
5876,375
5877,818
5878,277
5879,15
5880,46
5881,136
5882,1887
5883,15
5884,167
5885,18
5886,128
5887,7838
5888,393
5889,46
5890,27
5891,27
5892,544
5893,46
5894,7838
5895,15
5896,46
5897,103
5898,3334
5899,1361
5900,1277
5901,3781
5902,43
5903,1977
5904,6445
5905,375
5906,371
5907,344
5908,136
5909,4002
5910,158
5911,375
5912,451
5913,20
5914,328
5915,127
5916,714
5917,46
5918,1521
5919,136
5920,128
5921,41
5922,1597
5923,9539
5924,41
5925,682
5926,13
5927,1129
5928,8249
5929,20
5930,20
5931,15
5932,3711
5933,46
5934,9504
5935,1887
5936,9160
5937,44
5938,164
5939,328
5940,97
5941,39
5942,3711
5943,46
5944,17
5945,8972
5946,4
5947,18
5948,691
5949,650
5950,97
5951,8027
5952,451
5953,564
5954,17
5955,28
5956,1034
5957,316
5958,562
5959,328
5960,362
5961,412
5962,123
5963,8249
5964,330
5965,3711
5966,818
5967,177
5968,1034
5969,4
5970,46
5971,6
5972,44
5973,204
5974,1521
5975,13
5976,1618
5977,9
5978,564
5979,391
5980,20
5981,18
5982,316
5983,9504
5984,336
5985,204
5986,6795
5987,451
5988,328
5989,128
5990,451
5991,46
5992,12
5993,451
5994,714
5995,1208
5996,17
5997,44
5998,564
5999,650
6000,1598
6001,128
6002,818
6003,451
6004,177
6005,336
6006,328
6007,551
6008,22
6009,44
6010,17
6011,44
6012,46
6013,4
6014,97
6015,18
6016,3711
6017,328
6018,136
6019,336
6020,818
6021,13
6022,1034
6023,1618
6024,1618
6025,391
6026,6556
6027,9504
6028,44
6029,8249
6030,1387
6031,8249
6032,107
6033,818
6034,27
6035,2
6036,231
6037,64
6038,167
6039,34
6040,1521
6041,164
6042,677
6043,316
6044,46
6045,316
6046,97
6047,412
6048,53
6049,97
6050,328
6051,97
6052,97
6053,677
6054,328
6055,1598
6056,123
6057,97
6058,46
6059,677
6060,46
6061,2906
6062,3711
6063,43
6064,15
6065,9160
6066,7838
6067,78
6068,164
6069,328
6070,277
6071,151
6072,451
6073,43
6074,3647
6075,78
6076,7838
6077,151
6078,953
6079,328
6080,18
6081,151
6082,672
6083,46
6084,344
6085,8972
6086,7838
6087,234
6088,167
6089,211
6090,4895
6091,151
6092,8291
6093,171
6094,167
6095,407
6096,316
6097,3711
6098,328
6099,3711
6100,7838
6101,46
6102,7838
6103,316
6104,167
6105,328
6106,5641
6107,8972
6108,1621
6109,4359
6110,46
6111,305
6112,151
6113,167
6114,3711
6115,4735
6116,8972
6117,672
6118,97
6119,211
6120,3004
6121,3586
6122,167
6123,15
6124,1521
6125,46
6126,1521
6127,557
6128,691
6129,557
6130,164
6131,672
6132,1738
6133,3711
6134,3334
6135,1482
6136,409
6137,277
6138,7838
6139,277
6140,451
6141,43
6142,85
6143,298
6144,298
6145,6
6146,177
6147,328
6148,407
6149,211
6150,1597
6151,316
6152,1034
6153,929
6154,1208
6155,548
6156,562
6157,151
6158,328
6159,43
6160,2615
6161,18
6162,46
6163,3711
6164,328
6165,18
6166,31
6167,167
6168,87
6169,42
6170,211
6171,211
6172,151
6173,151
6174,316
6175,298
6176,7838
6177,248
6178,155
6179,167
6180,24
6181,1521
6182,43
6183,164
6184,277
6185,4880
6186,248
6187,167
6188,925
6189,604
6190,121
6191,451
6192,399
6193,757
6194,682
6195,7838
6196,244
6197,167
6198,250
6199,375
6200,103
6201,451
6202,1482
6203,31
6204,277
6205,121
6206,661
6207,167
6208,925
6209,375
6210,298
6211,451
6212,6
6213,316
6214,253
6215,248
6216,310
6217,31
6218,58
6219,6445
6220,298
6221,371
6222,1482
6223,328
6224,1482
6225,31
6226,344
6227,244
6228,1899
6229,167
6230,309
6231,43
6232,1482
6233,1096
6234,164
6235,328
6236,661
6237,167
6238,1672
6239,5733
6240,941
6241,602
6242,537
6243,4880
6244,661
6245,344
6246,31
6247,298
6248,375
6249,298
6250,1521
6251,11
6252,714
6253,250
6254,1135
6255,344
6256,298
6257,44
6258,167
6259,3711
6260,64
6261,167
6262,248
6263,406
6264,672
6265,3466
6266,2165
6267,250
6268,298
6269,309
6270,244
6271,4880
6272,1618
6273,2361
6274,22
6275,375
6276,32
6277,310
6278,5733
6279,1313
6280,451
6281,628
6282,248
6283,167
6284,298
6285,277
6286,151
6287,1521
6288,451
6289,8972
6290,277
6291,323
6292,92
6293,451
6294,260
6295,298
6296,375
6297,155
6298,332
6299,344
6300,103
6301,167
6302,298
6303,309
6304,8220
6305,31
6306,925
6307,328
6308,289
6309,451
6310,1482
6311,365
6312,2615
6313,298
6314,330
6315,167
6316,328
6317,309
6318,309
6319,3711
6320,1482
6321,288
6322,682
6323,7838
6324,757
6325,164
6326,126
6327,277
6328,1521
6329,1482
6330,164
6331,1418
6332,7838
6333,277
6334,167
6335,286
6336,128
6337,24
6338,43
6339,328
6340,31
6341,18
6342,451
6343,128
6344,451
6345,370
6346,328
6347,5760
6348,3839
6349,316
6350,167
6351,672
6352,757
6353,650
6354,167
6355,714
6356,43
6357,288
6358,277
6359,161
6360,39
6361,328
6362,11
6363,537
6364,328
6365,316
6366,328
6367,7838
6368,661
6369,6038
6370,97
6371,7503
6372,277
6373,298
6374,46
6375,46
6376,10
6377,328
6378,39
6379,7503
6380,328
6381,929
6382,2906
6383,27
6384,365
6385,5641
6386,5661
6387,164
6388,818
6389,44
6390,177
6391,3
6392,136
6393,336
6394,103
6395,136
6396,491
6397,8291
6398,1521
6399,164
6400,1609
6401,454
6402,167
6403,4
6404,128
6405,277
6406,2398
6407,43
6408,46
6409,1034
6410,6
6411,336
6412,757
6413,344
6414,248
6415,248
6416,103
6417,1135
6418,111
6419,8291
6420,336
6421,97
6422,11
6423,164
6424,672
6425,540
6426,451
6427,121
6428,1361
6429,1182
6430,5733
6431,31
6432,375
6433,434
6434,925
6435,375
6436,298
6437,451
6438,1621
6439,941
6440,277
6441,309
6442,375
6443,136
6444,602
6445,3156
6446,2165
6447,2810
6448,309
6449,925
6450,31
6451,309
6452,309
6453,277
6454,151
6455,277
6456,5733
6457,375
6458,108
6459,8
6460,309
6461,451
6462,17
6463,8
6464,348
6465,5641
6466,277
6467,375
6468,1621
6469,757
6470,151
6471,108
6472,1621
6473,162
6474,987
6475,2361
6476,248
6477,818
6478,1521
6479,224
6480,711
6481,158
6482,5733
6483,248
6484,5733
6485,1368
6486,661
6487,136
6488,3466
6489,1521
6490,925
6491,407
6492,309
6493,375
6494,277
6495,90
6496,925
6497,2165
6498,8
6499,17
6500,409
6501,277
6502,1621
6503,925
6504,7503
6505,130
6506,3156
6507,5251
6508,336
6509,8
6510,151
6511,4199
6512,4880
6513,941
6514,375
6515,32
6516,3466
6517,602
6518,336
6519,45
6520,309
6521,941
6522,407
6523,336
6524,136
6525,548
6526,3711
6527,1621
6528,45
6529,7838
6530,407
6531,672
6532,557
6533,1482
6534,155
6535,13
6536,11
6537,32
6538,33
6539,108
6540,46
6541,378
6542,12
6543,39
6544,682
6545,1482
6546,79
6547,103
6548,151
6549,164
6550,167
6551,27
6552,101
6553,5251
6554,1976
6555,309
6556,1135
6557,151
6558,63
6559,7838
6560,171
6561,7113
6562,24
6563,8231
6564,163
6565,5251
6566,31
6567,2410
6568,2578
6569,770
6570,9845
6571,92
6572,153
6573,602
6574,58
6575,682
6576,430
6577,430
6578,36
6579,7838
6580,130
6581,378
6582,3466
6583,3711
6584,370
6585,298
6586,250
6587,441
6588,1521
6589,347
6590,169
6591,167
6592,309
6593,1496
6594,24
6595,375
6596,691
6597,103
6598,114
6599,7113
6600,87
6601,5892
6602,1521
6603,98
6604,1482
6605,332
6606,328
6607,31
6608,336
6609,101
6610,298
6611,187
6612,375
6613,5830
6614,130
6615,953
6616,31
6617,136
6618,5892
6619,1521
6620,6409
6621,1521
6622,7294
6623,399
6624,44
6625,12
6626,5069
6627,309
6628,46
6629,8203
6630,58
6631,128
6632,319
6633,151
6634,1135
6635,31
6636,1208
6637,11
6638,322
6639,332
6640,328
6641,826
6642,430
6643,84
6644,3156
6645,2189
6646,7299
6647,298
6648,494
6649,87
6650,101
6651,1168
6652,262
6653,108
6654,87
6655,925
6656,3466
6657,277
6658,298
6659,7463
6660,3466
6661,358
6662,130
6663,494
6664,151
6665,40
6666,8667
6667,224
6668,151
6669,224
6670,1621
6671,925
6672,177
6673,1368
6674,298
6675,8
6676,316
6677,6319
6678,1135
6679,1261
6680,1621
6681,277
6682,925
6683,1621
6684,8667
6685,8
6686,1368
6687,3466
6688,358
6689,3466
6690,44
6691,5890
6692,121
6693,8
6694,45
6695,309
6696,119
6697,347
6698,31
6699,3466
6700,2107
6701,3711
6702,1992
6703,370
6704,344
6705,7526
6706,17
6707,8
6708,211
6709,1094
6710,255
6711,451
6712,5733
6713,757
6714,344
6715,3466
6716,25
6717,8
6718,309
6719,672
6720,5733
6721,58
6722,12
6723,3466
6724,211
6725,63
6726,1621
6727,44
6728,151
6729,32
6730,7918
6731,1261
6732,2363
6733,3156
6734,94
6735,1094
6736,344
6737,309
6738,94
6739,31
6740,103
6741,7918
6742,818
6743,1368
6744,5120
6745,682
6746,234
6747,101
6748,3156
6749,844
6750,451
6751,3156
6752,1521
6753,672
6754,358
6755,818
6756,2535
6757,1621
6758,430
6759,101
6760,672
6761,3466
6762,441
6763,277
6764,224
6765,25
6766,1521
6767,277
6768,83
6769,94
6770,672
6771,220
6772,309
6773,370
6774,220
6775,3777
6776,128
6777,167
6778,309
6779,1521
6780,101
6781,451
6782,8
6783,1621
6784,220
6785,126
6786,1521
6787,1368
6788,2110
6789,1621
6790,628
6791,441
6792,167
6793,1248
6794,8972
6795,1521
6796,255
6797,277
6798,3711
6799,43
6800,231
6801,114
6802,214
6803,18
6804,8249
6805,328
6806,1672
6807,328
6808,20
6809,36
6810,90
6811,1185
6812,4829
6813,18
6814,167
6815,328
6816,1672
6817,336
6818,701
6819,43
6820,6371
6821,114
6822,17
6823,1929
6824,953
6825,328
6826,136
6827,10
6828,6371
6829,46
6830,328
6831,7062
6832,44
6833,20
6834,136
6835,451
6836,231
6837,328
6838,770
6839,204
6840,114
6841,1521
6842,167
6843,1521
6844,555
6845,328
6846,1408
6847,111
6848,8291
6849,1375
6850,155
6851,375
6852,328
6853,328
6854,43
6855,650
6856,328
6857,316
6858,328
6859,121
6860,18
6861,136
6862,1036
6863,44
6864,1672
6865,7838
6866,44
6867,43
6868,1482
6869,36
6870,1129
6871,328
6872,17
6873,1036
6874,328
6875,344
6876,27
6877,35
6878,231
6879,18
6880,605
6881,167
6882,1897
6883,46
6884,244
6885,1524
6886,114
6887,107
6888,336
6889,309
6890,298
6891,36
6892,20
6893,818
6894,166
6895,328
6896,167
6897,3839
6898,770
6899,8027
6900,8249
6901,43
6902,36
6903,3248
6904,1432
6905,53
6906,3334
6907,344
6908,244
6909,8027
6910,437
6911,17
6912,3
6913,43
6914,328
6915,1727
6916,11
6917,8291
6918,1036
6919,621
6920,1375
6921,451
6922,8249
6923,5816
6924,53
6925,9
6926,7
6927,1361
6928,1482
6929,97
6930,1418
6931,309
6932,248
6933,953
6934,925
6935,375
6936,13
6937,451
6938,43
6939,31
6940,25
6941,121
6942,1929
6943,8
6944,925
6945,7918
6946,119
6947,672
6948,1482
6949,2165
6950,31
6951,101
6952,407
6953,167
6954,378
6955,1094
6956,298
6957,277
6958,375
6959,1521
6960,328
6961,43
6962,2
6963,328
6964,22
6965,661
6966,167
6967,6207
6968,151
6969,5733
6970,2054
6971,1361
6972,309
6973,1418
6974,298
6975,277
6976,5733
6977,244
6978,1521
6979,1521
6980,298
6981,1245
6982,27
6983,298
6984,309
6985,277
6986,108
6987,714
6988,13
6989,31
6990,430
6991,661
6992,298
6993,757
6994,114
6995,101
6996,336
6997,1368
6998,309
6999,1368
7000,5892
7001,31
7002,22
7003,682
7004,6445
7005,1482
7006,277
7007,31
7008,11
7009,3466
7010,344
7011,375
7012,31
7013,2165
7014,1482
7015,757
7016,375
7017,818
7018,548
7019,43
7020,3334
7021,925
7022,164
7023,369
7024,1418
7025,336
7026,1418
7027,375
7028,328
7029,1
7030,430
7031,1521
7032,328
7033,1368
7034,375
7035,27
7036,44
7037,1521
7038,164
7039,3334
7040,277
7041,8667
7042,167
7043,119
7044,119
7045,94
7046,1368
7047,101
7048,32
7049,8
7050,167
7051,224
7052,1521
7053,399
7054,378
7055,6445
7056,4880
7057,407
7058,167
7059,494
7060,375
7061,119
7062,451
7063,43
7064,1727
7065,27
7066,101
7067,248
7068,224
7069,1956
7070,1094
7071,309
7072,1521
7073,43
7074,378
7075,277
7076,3466
7077,3004
7078,167
7079,8667
7080,356
7081,211
7082,328
7083,309
7084,37
7085,298
7086,151
7087,43
7088,494
7089,309
7090,106
7091,32
7092,121
7093,97
7094,309
7095,119
7096,121
7097,344
7098,8667
7099,8220
7100,161
7101,298
7102,119
7103,77
7104,7492
7105,167
7106,119
7107,119
7108,453
7109,358
7110,167
7111,494
7112,602
7113,167
7114,375
7115,9018
7116,167
7117,136
7118,925
7119,2615
7120,344
7121,309
7122,953
7123,3094
7124,108
7125,4880
7126,356
7127,7918
7128,925
7129,602
7130,375
7131,344
7132,309
7133,151
7134,661
7135,358
7136,925
7137,101
7138,3156
7139,602
7140,106
7141,328
7142,248
7143,375
7144,8667
7145,8667
7146,309
7147,31
7148,309
7149,211
7150,1621
7151,24
7152,167
7153,7918
7154,269
7155,407
7156,17
7157,77
7158,260
7159,167
7160,150
7161,313
7162,173
7163,97
7164,375
7165,1621
7166,8
7167,5733
7168,151
7169,7918
7170,344
7171,5733
7172,167
7173,3156
7174,119
7175,557
7176,43
7177,298
7178,3054
7179,58
7180,328
7181,344
7182,39
7183,399
7184,31
7185,44
7186,8
7187,407
7188,8
7189,5165
7190,451
7191,3156
7192,2165
7193,1418
7194,101
7195,234
7196,8
7197,1182
7198,31
7199,4880
7200,375
7201,101
7202,672
7203,1521
7204,5120
7205,17
7206,101
7207,277
7208,441
7209,1014
7210,128
7211,244
7212,298
7213,167
7214,18
7215,44
7216,114
7217,3156
7218,101
7219,309
7220,375
7221,1521
7222,605
7223,1621
7224,925
7225,20
7226,1621
7227,5165
7228,3156
7229,17
7230,211
7231,151
7232,1096
7233,27
7234,31
7235,17
7236,925
7237,31
7238,211
7239,224
7240,234
7241,25
7242,925
7243,925
7244,277
7245,17
7246,309
7247,3156
7248,407
7249,187
7250,244
7251,101
7252,18
7253,430
7254,298
7255,151
7256,925
7257,18
7258,224
7259,309
7260,8667
7261,130
7262,358
7263,151
7264,85
7265,31
7266,31
7267,3526
7268,101
7269,330
7270,46
7271,24
7272,77
7273,309
7274,106
7275,3781
7276,92
7277,344
7278,13
7279,1521
7280,8291
7281,370
7282,27
7283,119
7284,336
7285,167
7286,250
7287,344
7288,10
7289,451
7290,43
7291,941
7292,27
7293,336
7294,661
7295,714
7296,250
7297,128
7298,336
7299,43
7300,328
7301,170
7302,128
7303,43
7304,4099
7305,58
7306,106
7307,250
7308,45
7309,31
7310,167
7311,277
7312,7503
7313,375
7314,953
7315,244
7316,309
7317,451
7318,136
7319,1482
7320,309
7321,757
7322,13
7323,8291
7324,244
7325,127
7326,277
7327,757
7328,24
7329,277
7330,451
7331,8
7332,309
7333,6
7334,6207
7335,3334
7336,336
7337,1521
7338,309
7339,10
7340,43
7341,5069
7342,1521
7343,8
7344,1482
7345,31
7346,3334
7347,103
7348,4338
7349,9
7350,77
7351,4615
7352,106
7353,1482
7354,114
7355,328
7356,925
7357,925
7358,8
7359,757
7360,309
7361,31
7362,328
7363,602
7364,9178
7365,155
7366,298
7367,602
7368,1521
7369,375
7370,2654
7371,375
7372,17
7373,1482
7374,344
7375,106
7376,3466
7377,211
7378,277
7379,375
7380,298
7381,1609
7382,13
7383,155
7384,13
7385,1521
7386,913
7387,167
7388,661
7389,167
7390,925
7391,309
7392,925
7393,277
7394,987
7395,32
7396,248
7397,248
7398,344
7399,1621
7400,31
7401,114
7402,94
7403,77
7404,8
7405,3156
7406,31
7407,602
7408,3466
7409,167
7410,79
7411,1621
7412,31
7413,1166
7414,101
7415,167
7416,2189
7417,375
7418,1621
7419,106
7420,31
7421,3466
7422,1368
7423,94
7424,3156
7425,101
7426,5120
7427,1865
7428,375
7429,3466
7430,114
7431,173
7432,83
7433,31
7434,441
7435,344
7436,31
7437,987
7438,167
7439,31
7440,403
7441,167
7442,1621
7443,58
7444,358
7445,1248
7446,79
7447,83
7448,114
7449,17
7450,128
7451,32
7452,130
7453,32
7454,234
7455,8318
7456,101
7457,31
7458,27
7459,747
7460,92
7461,714
7462,3533
7463,71
7464,298
7465,151
7466,224
7467,92
7468,358
7469,31
7470,344
7471,63
7472,296
7473,987
7474,25
7475,248
7476,403
7477,2845
7478,330
7479,1534
7480,1621
7481,493
7482,628
7483,24
7484,344
7485,151
7486,31
7487,818
7488,3466
7489,211
7490,31
7491,187
7492,97
7493,528
7494,3148
7495,7113
7496,319
7497,24
7498,403
7499,925
7500,1368
7501,115
7502,2762
7503,167
7504,2189
7505,17
7506,602
7507,5733
7508,15
7509,277
7510,298
7511,1521
7512,224
7513,925
7514,330
7515,298
7516,151
7517,1621
7518,277
7519,628
7520,3466
7521,1168
7522,224
7523,101
7524,18
7525,211
7526,151
7527,3094
7528,277
7529,665
7530,101
7531,407
7532,8
7533,925
7534,49
7535,211
7536,151
7537,1521
7538,101
7539,2316
7540,167
7541,1168
7542,1168
7543,3358
7544,5120
7545,277
7546,8
7547,8
7548,167
7549,3781
7550,101
7551,277
7552,336
7553,4099
7554,27
7555,602
7556,1621
7557,925
7558,33
7559,114
7560,614
7561,5733
7562,5120
7563,3156
7564,375
7565,101
7566,1521
7567,1621
7568,628
7569,8203
7570,358
7571,309
7572,4
7573,106
7574,773
7575,604
7576,167
7577,407
7578,407
7579,309
7580,309
7581,3156
7582,1621
7583,1168
7584,925
7585,167
7586,330
7587,7463
7588,369
7589,298
7590,277
7591,5892
7592,309
7593,451
7594,92
7595,4099
7596,167
7597,1597
7598,347
7599,151
7600,1621
7601,151
7602,35
7603,151
7604,344
7605,211
7606,101
7607,20
7608,46
7609,1248
7610,44
7611,7838
7612,18
7613,20
7614,328
7615,136
7616,136
7617,1182
7618,46
7619,7503
7620,1618
7621,1277
7622,330
7623,570
7624,1034
7625,20
7626,8291
7627,158
7628,82
7629,1277
7630,677
7631,714
7632,328
7633,344
7634,13
7635,757
7636,46
7637,1521
7638,46
7639,204
7640,13
7641,4580
7642,128
7643,44
7644,2810
7645,211
7646,1521
7647,494
7648,494
7649,1208
7650,489
7651,549
7652,136
7653,1277
7654,347
7655,1521
7656,40
7657,1034
7658,46
7659,204
7660,6445
7661,43
7662,11
7663,375
7664,39
7665,43
7666,3839
7667,6460
7668,260
7669,7838
7670,3334
7671,20
7672,204
7673,857
7674,27
7675,444
7676,27
7677,328
7678,628
7679,1887
7680,336
7681,3334
7682,336
7683,151
7684,260
7685,5816
7686,46
7687,277
7688,20
7689,2363
7690,82
7691,770
7692,73
7693,672
7694,770
7695,39
7696,7838
7697,549
7698,1887
7699,20
7700,371
7701,8667
7702,20
7703,1521
7704,11
7705,164
7706,343
7707,371
7708,1135
7709,255
7710,5816
7711,650
7712,24
7713,136
7714,2615
7715,9897
7716,4638
7717,8291
7718,136
7719,44
7720,8980
7721,18
7722,1482
7723,672
7724,79
7725,46
7726,298
7727,1521
7728,71
7729,31
7730,277
7731,101
7732,248
7733,3334
7734,211
7735,344
7736,5733
7737,3711
7738,1621
7739,5467
7740,277
7741,4880
7742,5995
7743,167
7744,8667
7745,375
7746,925
7747,451
7748,1621
7749,17
7750,1418
7751,101
7752,248
7753,167
7754,925
7755,277
7756,5120
7757,92
7758,167
7759,925
7760,925
7761,167
7762,757
7763,344
7764,925
7765,375
7766,8667
7767,277
7768,332
7769,925
7770,1668
7771,277
7772,31
7773,24
7774,64
7775,298
7776,375
7777,9753
7778,167
7779,2364
7780,3711
7781,164
7782,451
7783,1621
7784,1621
7785,5467
7786,211
7787,167
7788,8243
7789,17
7790,1621
7791,451
7792,167
7793,248
7794,757
7795,309
7796,925
7797,31
7798,277
7799,925
7800,158
7801,250
7802,1621
7803,277
7804,5641
7805,161
7806,1621
7807,925
7808,1168
7809,331
7810,3711
7811,1621
7812,58
7813,925
7814,64
7815,31
7816,167
7817,3711
7818,298
7819,25
7820,451
7821,1418
7822,1621
7823,97
7824,167
7825,211
7826,25
7827,328
7828,309
7829,277
7830,3711
7831,5641
7832,1621
7833,298
7834,309
7835,451
7836,298
7837,211
7838,3711
7839,5733
7840,296
7841,151
7842,234
7843,260
7844,3526
7845,375
7846,151
7847,58
7848,17
7849,7918
7850,234
7851,451
7852,211
7853,151
7854,309
7855,451
7856,58
7857,17
7858,31
7859,187
7860,451
7861,211
7862,31
7863,211
7864,103
7865,925
7866,1521
7867,925
7868,1521
7869,430
7870,234
7871,277
7872,375
7873,1521
7874,5251
7875,628
7876,24
7877,211
7878,375
7879,101
7880,8
7881,1621
7882,151
7883,298
7884,4880
7885,94
7886,17
7887,451
7888,987
7889,3711
7890,1621
7891,167
7892,925
7893,277
7894,17
7895,4880
7896,1621
7897,260
7898,3711
7899,58
7900,1621
7901,375
7902,211
7903,925
7904,167
7905,98
7906,167
7907,451
7908,925
7909,17
7910,298
7911,1000
7912,211
7913,1521
7914,8
7915,211
7916,1621
7917,167
7918,187
7919,375
7920,1621
7921,1368
7922,17
7923,277
7924,211
7925,167
7926,375
7927,441
7928,58
7929,8
7930,24
7931,309
7932,277
7933,151
7934,1992
7935,164
7936,7503
7937,298
7938,5995
7939,714
7940,8667
7941,309
7942,119
7943,672
7944,5733
7945,5753
7946,97
7947,298
7948,151
7949,167
7950,8667
7951,13
7952,1977
7953,672
7954,1621
7955,5175
7956,2664
7957,101
7958,151
7959,3334
7960,494
7961,309
7962,336
7963,6
7964,336
7965,323
7966,925
7967,451
7968,344
7969,5733
7970,8
7971,441
7972,24
7973,1621
7974,407
7975,3334
7976,298
7977,164
7978,1956
7979,309
7980,1482
7981,344
7982,336
7983,316
7984,309
7985,925
7986,288
7987,3711
7988,5576
7989,451
7990,1621
7991,925
7992,24
7993,44
7994,24
7995,344
7996,1168
7997,661
7998,211
7999,151
8000,809
8001,336
8002,211
8003,1000
8004,32
8005,1135
8006,211
8007,451
8008,4077
8009,3839
8010,5641
8011,309
8012,375
8013,5908
8014,2664
8015,151
8016,1182
8017,4880
8018,167
8019,164
8020,177
8021,3711
8022,1621
8023,1521
8024,167
8025,1197
8026,277
8027,3839
8028,336
8029,451
8030,211
8031,17
8032,44
8033,298
8034,323
8035,248
8036,24
8037,309
8038,151
8039,3466
8040,953
8041,714
8042,167
8043,8667
8044,925
8045,1621
8046,309
8047,187
8048,46
8049,151
8050,5641
8051,309
8052,108
8053,328
8054,94
8055,451
8056,3711
8057,3711
8058,46
8059,1375
8060,344
8061,13
8062,1368
8063,3781
8064,5120
8065,13
8066,9
8067,3711
8068,43
8069,153
8070,316
8071,8
8072,581
8073,3334
8074,108
8075,5120
8076,5752
8077,1521
8078,43
8079,1845
8080,344
8081,8
8082,177
8083,714
8084,336
8085,451
8086,43
8087,316
8088,43
8089,248
8090,46
8091,233
8092,8
8093,336
8094,128
8095,564
8096,128
8097,151
8098,672
8099,1482
8100,1482
8101,309
8102,2161
8103,82
8104,224
8105,375
8106,1228
8107,136
8108,378
8109,336
8110,461
8111,3711
8112,604
8113,43
8114,3711
8115,177
8116,167
8117,557
8118,1621
8119,24
8120,344
8121,3466
8122,407
8123,8
8124,328
8125,3839
8126,103
8127,451
8128,5733
8129,164
8130,2643
8131,3466
8132,234
8133,167
8134,347
8135,1233
8136,309
8137,151
8138,1621
8139,6319
8140,8972
8141,101
8142,407
8143,8
8144,106
8145,277
8146,119
8147,818
8148,58
8149,581
8150,309
8151,378
8152,672
8153,24
8154,1887
8155,3466
8156,9897
8157,819
8158,407
8159,1621
8160,114
8161,24
8162,2958
8163,672
8164,1368
8165,82
8166,1621
8167,8972
8168,161
8169,167
8170,234
8171,44
8172,672
8173,108
8174,24
8175,108
8176,3466
8177,167
8178,30
8179,557
8180,407
8181,1233
8182,421
8183,4620
8184,309
8185,310
8186,605
8187,1621
8188,8667
8189,101
8190,8667
8191,8
8192,151
8193,3466
8194,151
8195,672
8196,672
8197,130
8198,17
8199,130
8200,167
8201,344
8202,494
8203,925
8204,187
8205,371
8206,155
8207,5251
8208,45
8209,4
8210,136
8211,58
8212,672
8213,103
8214,248
8215,509
8216,277
8217,3839
8218,351
8219,1621
8220,3466
8221,672
8222,3466
8223,277
8224,363
8225,24
8226,2958
8227,101
8228,630
8229,262
8230,925
8231,358
8232,407
8233,71
8234,494
8235,103
8236,375
8237,167
8238,90
8239,1621
8240,224
8241,31
8242,1094
8243,167
8244,83
8245,4077
8246,9160
8247,121
8248,8667
8249,309
8250,3466
8251,3711
8252,1621
8253,296
8254,4185
8255,63
8256,8
8257,92
8258,309
8259,177
8260,91
8261,3156
8262,1366
8263,27
8264,101
8265,510
8266,375
8267,298
8268,83
8269,101
8270,234
8271,244
8272,770
8273,1182
8274,298
8275,407
8276,187
8277,8972
8278,130
8279,101
8280,3466
8281,1865
8282,3611
8283,91
8284,286
8285,106
8286,71
8287,8
8288,255
8289,3156
8290,18
8291,1865
8292,403
8293,44
8294,4880
8295,31
8296,1737
8297,309
8298,3466
8299,25
8300,309
8301,375
8302,1956
8303,71
8304,1956
8305,3156
8306,3156
8307,672
8308,8972
8309,101
8310,132
8311,58
8312,101
8313,925
8314,101
8315,6319
8316,106
8317,3466
8318,31
8319,5251
8320,6319
8321,1521
8322,421
8323,31
8324,83
8325,313
8326,224
8327,1094
8328,44
8329,101
8330,244
8331,234
8332,4953
8333,3711
8334,298
8335,451
8336,167
8337,40
8338,672
8339,101
8340,32
8341,167
8342,130
8343,151
8344,1135
8345,164
8346,425
8347,11
8348,630
8349,58
8350,5165
8351,672
8352,1135
8353,24
8354,316
8355,7838
8356,328
8357,6563
8358,119
8359,130
8360,1621
8361,296
8362,114
8363,4880
8364,494
8365,31
8366,44
8367,5733
8368,8
8369,5069
8370,344
8371,166
8372,4880
8373,91
8374,103
8375,925
8376,43
8377,8
8378,298
8379,44
8380,167
8381,24
8382,91
8383,4880
8384,375
8385,167
8386,449
8387,925
8388,130
8389,130
8390,1621
8391,298
8392,4880
8393,8972
8394,17
8395,121
8396,1135
8397,1521
8398,328
8399,167
8400,7838
8401,328
8402,328
8403,925
8404,290
8405,309
8406,4880
8407,2324
8408,1366
8409,757
8410,128
8411,1887
8412,407
8413,336
8414,672
8415,407
8416,138
8417,3586
8418,1135
8419,44
8420,3094
8421,328
8422,298
8423,167
8424,17
8425,130
8426,320
8427,5733
8428,298
8429,509
8430,44
8431,9160
8432,32
8433,167
8434,1277
8435,114
8436,136
8437,375
8438,296
8439,43
8440,309
8441,167
8442,255
8443,1482
8444,187
8445,1
8446,167
8447,244
8448,672
8449,46
8450,378
8451,344
8452,17
8453,248
8454,296
8455,328
8456,465
8457,9160
8458,3711
8459,46
8460,288
8461,106
8462,328
8463,407
8464,5908
8465,328
8466,8203
8467,103
8468,3711
8469,46
8470,24
8471,344
8472,1034
8473,661
8474,167
8475,328
8476,18
8477,211
8478,818
8479,136
8480,328
8481,451
8482,24
8483,344
8484,1034
8485,1442
8486,1521
8487,1521
8488,46
8489,97
8490,3711
8491,46
8492,76
8493,46
8494,682
8495,15
8496,672
8497,53
8498,757
8499,953
8500,39
8501,3711
8502,166
8503,13
8504,336
8505,375
8506,336
8507,1168
8508,277
8509,46
8510,328
8511,103
8512,328
8513,3711
8514,672
8515,231
8516,953
8517,818
8518,344
8519,53
8520,328
8521,24
8522,2959
8523,1598
8524,128
8525,53
8526,46
8527,1254
8528,672
8529,17
8530,151
8531,682
8532,15
8533,1418
8534,136
8535,672
8536,46
8537,4880
8538,46
8539,244
8540,46
8541,328
8542,128
8543,46
8544,158
8545,46
8546,128
8547,155
8548,672
8549,46
8550,97
8551,44
8552,7838
8553,18
8554,5908
8555,537
8556,3839
8557,39
8558,3711
8559,127
8560,365
8561,44
8562,1277
8563,44
8564,3711
8565,621
8566,136
8567,169
8568,46
8569,17
8570,44
8571,18
8572,296
8573,126
8574,136
8575,8291
8576,20
8577,336
8578,114
8579,79
8580,953
8581,143
8582,1034
8583,11
8584,151
8585,375
8586,43
8587,20
8588,540
8589,1034
8590,11
8591,328
8592,277
8593,136
8594,164
8595,3711
8596,1034
8597,2615
8598,9994
8599,136
8600,1482
8601,323
8602,151
8603,44
8604,43
8605,6439
8606,53
8607,44
8608,328
8609,3839
8610,4880
8611,1521
8612,164
8613,1034
8614,1521
8615,51
8616,11
8617,328
8618,375
8619,557
8620,328
8621,1521
8622,714
8623,11
8624,44
8625,296
8626,11
8627,3839
8628,6439
8629,3711
8630,316
8631,328
8632,18
8633,8291
8634,20
8635,770
8636,8291
8637,79
8638,328
8639,4168
8640,336
8641,328
8642,136
8643,244
8644,714
8645,330
8646,1248
8647,1408
8648,3358
8649,375
8650,43
8651,328
8652,330
8653,18
8654,328
8655,44
8656,18
8657,169
8658,43
8659,8291
8660,82
8661,3839
8662,7838
8663,11
8664,7838
8665,20
8666,43
8667,136
8668,5908
8669,3839
8670,103
8671,451
8672,5733
8673,963
8674,344
8675,11
8676,248
8677,167
8678,925
8679,8027
8680,328
8681,130
8682,43
8683,378
8684,277
8685,298
8686,248
8687,167
8688,328
8689,3839
8690,336
8691,151
8692,1135
8693,31
8694,316
8695,298
8696,407
8697,167
8698,211
8699,375
8700,8628
8701,1025
8702,857
8703,344
8704,97
8705,309
8706,316
8707,31
8708,1135
8709,1234
8710,1929
8711,248
8712,5467
8713,1036
8714,97
8715,1482
8716,277
8717,298
8718,108
8719,757
8720,5733
8721,757
8722,248
8723,1438
8724,1482
8725,136
8726,136
8727,489
8728,136
8729,1621
8730,451
8731,1521
8732,58
8733,328
8734,328
8735,309
8736,108
8737,248
8738,1521
8739,167
8740,1482
8741,661
8742,92
8743,121
8744,3334
8745,5733
8746,31
8747,819
8748,1521
8749,328
8750,4880
8751,336
8752,602
8753,155
8754,7838
8755,9160
8756,770
8757,298
8758,5733
8759,6445
8760,167
8761,248
8762,925
8763,1521
8764,451
8765,129
8766,344
8767,253
8768,32
8769,167
8770,7838
8771,167
8772,1521
8773,309
8774,661
8775,4880
8776,430
8777,82
8778,940
8779,953
8780,2906
8781,309
8782,1432
8783,6316
8784,336
8785,1418
8786,328
8787,6
8788,682
8789,167
8790,94
8791,328
8792,167
8793,164
8794,757
8795,151
8796,336
8797,298
8798,451
8799,5733
8800,31
8801,682
8802,2361
8803,248
8804,167
8805,108
8806,356
8807,336
8808,557
8809,1621
8810,8123
8811,316
8812,298
8813,248
8814,1865
8815,92
8816,1368
8817,298
8818,151
8819,1368
8820,757
8821,1208
8822,101
8823,234
8824,8
8825,108
8826,375
8827,298
8828,167
8829,11
8830,2165
8831,167
8832,11
8833,5165
8834,661
8835,5995
8836,298
8837,92
8838,45
8839,336
8840,15
8841,4880
8842,244
8843,7463
8844,757
8845,1521
8846,336
8847,407
8848,714
8849,1361
8850,1482
8851,151
8852,167
8853,349
8854,344
8855,248
8856,682
8857,818
8858,1521
8859,451
8860,682
8861,298
8862,5733
8863,7544
8864,344
8865,151
8866,8
8867,114
8868,451
8869,167
8870,45
8871,328
8872,31
8873,5733
8874,328
8875,32
8876,682
8877,8
8878,407
8879,3466
8880,296
8881,151
8882,136
8883,108
8884,58
8885,106
8886,3466
8887,1368
8888,167
8889,187
8890,167
8891,108
8892,32
8893,298
8894,375
8895,151
8896,167
8897,925
8898,101
8899,4880
8900,298
8901,37
8902,941
8903,316
8904,3526
8905,1621
8906,925
8907,365
8908,224
8909,661
8910,682
8911,494
8912,1368
8913,1521
8914,32
8915,31
8916,27
8917,3466
8918,925
8919,375
8920,925
8921,151
8922,3156
8923,31
8924,27
8925,3466
8926,3526
8927,375
8928,421
8929,557
8930,3156
8931,108
8932,309
8933,298
8934,818
8935,309
8936,31
8937,167
8938,3156
8939,27
8940,661
8941,298
8942,309
8943,2165
8944,1865
8945,3466
8946,2643
8947,3466
8948,25
8949,4880
8950,2165
8951,1521
8952,136
8953,298
8954,3466
8955,298
8956,441
8957,277
8958,493
8959,925
8960,3466
8961,3466
8962,925
8963,375
8964,407
8965,87
8966,45
8967,6439
8968,260
8969,757
8970,64
8971,3156
8972,277
8973,45
8974,3526
8975,18
8976,3156
8977,298
8978,451
8979,358
8980,358
8981,628
8982,1168
8983,130
8984,925
8985,375
8986,71
8987,1929
8988,3156
8989,3466
8990,167
8991,557
8992,451
8993,3466
8994,925
8995,430
8996,167
8997,167
8998,101
8999,130
9000,298
9001,167
9002,262
9003,358
9004,17
9005,1368
9006,277
9007,161
9008,3466
9009,269
9010,277
9011,277
9012,1166
9013,4468
9014,167
9015,1368
9016,187
9017,358
9018,358
9019,71
9020,248
9021,58
9022,277
9023,151
9024,71
9025,3156
9026,3466
9027,344
9028,298
9029,8
9030,1621
9031,7958
9032,45
9033,101
9034,298
9035,467
9036,493
9037,451
9038,91
9039,3156
9040,8
9041,167
9042,375
9043,15
9044,358
9045,57
9046,819
9047,94
9048,757
9049,262
9050,8
9051,5733
9052,3711
9053,8
9054,211
9055,277
9056,277
9057,309
9058,8
9059,444
9060,3711
9061,46
9062,17
9063,7503
9064,7838
9065,8972
9066,167
9067,940
9068,94
9069,103
9070,3711
9071,46
9072,3647
9073,116
9074,17
9075,18
9076,260
9077,537
9078,375
9079,17
9080,557
9081,43
9082,5198
9083,1036
9084,1034
9085,677
9086,167
9087,537
9088,770
9089,136
9090,8291
9091,3334
9092,3549
9093,103
9094,1034
9095,672
9096,127
9097,15
9098,17
9099,103
9100,82
9101,328
9102,298
9103,13
9104,103
9105,3711
9106,2906
9107,316
9108,39
9109,9897
9110,2363
9111,15
9112,46
9113,650
9114,2241
9115,1025
9116,4880
9117,407
9118,15
9119,677
9120,127
9121,1482
9122,167
9123,45
9124,46
9125,2664
9126,570
9127,128
9128,9864
9129,97
9130,8413
9131,1672
9132,1496
9133,64
9134,451
9135,15
9136,94
9137,3711
9138,3334
9139,2363
9140,43
9141,4953
9142,336
9143,43
9144,11
9145,5641
9146,3334
9147,328
9148,332
9149,332
9150,929
9151,6670
9152,298
9153,319
9154,344
9155,43
9156,115
9157,82
9158,320
9159,18
9160,375
9161,929
9162,451
9163,82
9164,537
9165,371
9166,126
9167,557
9168,5198
9169,328
9170,310
9171,46
9172,650
9173,136
9174,672
9175,344
9176,20
9177,1036
9178,167
9179,151
9180,3156
9181,269
9182,248
9183,94
9184,150
9185,642
9186,211
9187,1094
9188,925
9189,151
9190,71
9191,757
9192,2643
9193,101
9194,1168
9195,167
9196,211
9197,31
9198,441
9199,451
9200,3156
9201,31
9202,2859
9203,187
9204,211
9205,7463
9206,1248
9207,167
9208,211
9209,375
9210,167
9211,336
9212,211
9213,375
9214,101
9215,136
9216,7918
9217,31
9218,309
9219,628
9220,91
9221,151
9222,262
9223,151
9224,3466
9225,87
9226,8
9227,31
9228,407
9229,628
9230,3711
9231,27
9232,101
9233,1368
9234,1168
9235,277
9236,151
9237,309
9238,628
9239,672
9240,167
9241,1368
9242,298
9243,358
9244,451
9245,925
9246,378
9247,167
9248,925
9249,3156
9250,298
9251,8
9252,309
9253,94
9254,309
9255,309
9256,8
9257,211
9258,1368
9259,31
9260,407
9261,8972
9262,211
9263,309
9264,1182
9265,46
9266,4168
9267,39
9268,6316
9269,953
9270,328
9271,155
9272,13
9273,557
9274,46
9275,1036
9276,39
9277,136
9278,167
9279,537
9280,1
9281,151
9282,43
9283,10
9284,7838
9285,328
9286,375
9287,371
9288,347
9289,6316
9290,3004
9291,43
9292,10
9293,549
9294,328
9295,43
9296,79
9297,672
9298,248
9299,1977
9300,650
9301,127
9302,650
9303,4168
9304,963
9305,1442
9306,3446
9307,2615
9308,344
9309,2081
9310,151
9311,1182
9312,953
9313,46
9314,328
9315,3054
9316,44
9317,818
9318,97
9319,437
9320,336
9321,2615
9322,3839
9323,286
9324,43
9325,672
9326,1668
9327,328
9328,328
9329,581
9330,375
9331,248
9332,1418
9333,11
9334,3334
9335,46
9336,46
9337,581
9338,248
9339,18
9340,328
9341,288
9342,1418
9343,3334
9344,7838
9345,43
9346,4168
9347,7838
9348,43
9349,248
9350,4
9351,97
9352,672
9353,39
9354,1618
9355,3334
9356,46
9357,1977
9358,672
9359,31
9360,248
9361,167
9362,371
9363,1418
9364,167
9365,1418
9366,58
9367,672
9368,46
9369,17
9370,204
9371,7838
9372,244
9373,255
9374,328
9375,27
9376,7838
9377,3711
9378,46
9379,31
9380,40
9381,1034
9382,1313
9383,953
9384,328
9385,128
9386,1977
9387,3711
9388,46
9389,31
9390,40
9391,177
9392,255
9393,328
9394,155
9395,46
9396,672
9397,6141
9398,44
9399,1899
9400,244
9401,46
9402,375
9403,260
9404,39
9405,3711
9406,1034
9407,46
9408,103
9409,155
9410,128
9411,39
9412,4
9413,250
9414,3711
9415,46
9416,1034
9417,757
9418,770
9419,126
9420,375
9421,158
9422,682
9423,6
9424,953
9425,451
9426,58
9427,277
9428,248
9429,2615
9430,115
9431,6445
9432,1034
9433,120
9434,8291
9435,43
9436,1521
9437,58
9438,46
9439,3711
9440,672
9441,818
9442,17
9443,46
9444,46
9445,316
9446,76
9447,328
9448,328
9449,3839
9450,77
9451,1234
9452,155
9453,39
9454,714
9455,672
9456,211
9457,451
9458,328
9459,672
9460,344
9461,167
9462,3839
9463,454
9464,43
9465,7077
9466,309
9467,336
9468,277
9469,328
9470,31
9471,1277
9472,1034
9473,11
9474,1418
9475,164
9476,45
9477,17
9478,4615
9479,628
9480,370
9481,480
9482,344
9483,2539
9484,39
9485,1621
9486,328
9487,625
9488,3711
9489,43
9490,1621
9491,44
9492,1034
9493,32
9494,3788
9495,328
9496,128
9497,336
9498,672
9499,46
9500,269
9501,143
9502,62
9503,809
9504,255
9505,328
9506,925
9507,336
9508,31
9509,1621
9510,24
9511,2810
9512,4880
9513,101
9514,714
9515,328
9516,128
9517,925
9518,7294
9519,451
9520,1992
9521,31
9522,298
9523,248
9524,36
9525,298
9526,1277
9527,3711
9528,451
9529,953
9530,818
9531,714
9532,451
9533,1168
9534,925
9535,17
9536,143
9537,3466
9538,71
9539,211
9540,5733
9541,121
9542,151
9543,328
9544,925
9545,661
9546,925
9547,31
9548,316
9549,1482
9550,298
9551,298
9552,330
9553,119
9554,5120
9555,3334
9556,1621
9557,7463
9558,77
9559,31
9560,1000
9561,344
9562,5120
9563,31
9564,31
9565,1277
9566,211
9567,328
9568,953
9569,378
9570,1482
9571,309
9572,128
9573,328
9574,344
9575,277
9576,250
9577,344
9578,45
9579,27
9580,925
9581,316
9582,344
9583,248
9584,407
9585,1521
9586,328
9587,3466
9588,13
9589,260
9590,248
9591,1621
9592,4880
9593,5733
9594,1434
9595,24
9596,177
9597,757
9598,58
9599,3094
9600,25
9601,451
9602,5733
9603,757
9604,2664
9605,809
9606,1168
9607,25
9608,8667
9609,375
9610,5120
9611,557
9612,1368
9613,1658
9614,277
9615,3533
9616,407
9617,640
9618,1956
9619,309
9620,309
9621,169
9622,1621
9623,31
9624,136
9625,298
9626,1168
9627,4763
9628,1903
9629,309
9630,375
9631,602
9632,8
9633,84
9634,58
9635,24
9636,18
9637,8667
9638,925
9639,8010
9640,106
9641,5733
9642,3526
9643,1621
9644,347
9645,3156
9646,101
9647,151
9648,151
9649,358
9650,177
9651,3777
9652,6131
9653,71
9654,344
9655,31
9656,628
9657,3156
9658,8
9659,336
9660,1956
9661,1621
9662,155
9663,130
9664,441
9665,8
9666,1781
9667,375
9668,309
9669,407
9670,277
9671,407
9672,909
9673,3839
9674,1621
9675,1168
9676,925
9677,17
9678,8
9679,1807
9680,136
9681,344
9682,7294
9683,3466
9684,177
9685,1168
9686,45
9687,151
9688,151
9689,3156
9690,298
9691,925
9692,9
9693,187
9694,493
9695,344
9696,1228
9697,277
9698,3636
9699,1621
9700,568
9701,103
9702,407
9703,15
9704,1521
9705,5733
9706,22
9707,277
9708,987
9709,1168
9710,3711
9711,211
9712,480
9713,211
9714,1521
9715,32
9716,151
9717,277
9718,434
9719,1521
9720,151
9721,1261
9722,1368
9723,309
9724,0
9725,3156
9726,22
9727,344
9728,480
9729,8
9730,8
9731,309
9732,480
9733,7918
9734,8667
9735,71
9736,151
9737,5733
9738,480
9739,84
9740,3466
9741,309
9742,277
9743,211
9744,156
9745,31
9746,211
9747,407
9748,31
9749,35
9750,277
9751,151
9752,151
9753,17
9754,1168
9755,987
9756,260
9757,151
9758,602
9759,493
9760,5733
9761,17
9762,106
9763,17
9764,480
9765,12
9766,84
9767,101
9768,151
9769,309
9770,17
9771,925
9772,3156
9773,925
9774,3156
9775,167
9776,8
9777,25
9778,20
9779,151
9780,3777
9781,309
9782,224
9783,480
9784,119
9785,309
9786,630
9787,277
9788,211
9789,480
9790,1418
9791,1098
9792,71
9793,3636
9794,167
9795,262
9796,3156
9797,277
9798,33
9799,262
9800,130
9801,557
9802,32
9803,344
9804,344
9805,298
9806,328
9807,375
9808,336
9809,151
9810,1621
9811,493
9812,344
9813,298
9814,106
9815,332
9816,250
9817,1368
9818,17
9819,3156
9820,344
9821,277
9822,101
9823,347
9824,375
9825,309
9826,8
9827,6445
9828,1566
9829,309
9830,106
9831,127
9832,233
9833,63
9834,10
9835,3466
9836,1621
9837,250
9838,1135
9839,92
9840,602
9841,150
9842,224
9843,119
9844,5733
9845,1135
9846,1621
9847,51
9848,3156
9849,344
9850,151
9851,328
9852,347
9853,4615
9854,77
9855,305
9856,119
9857,128
9858,71
9859,489
9860,1025
9861,897
9862,8
9863,564
9864,250
9865,17
9866,103
9867,945
9868,489
9869,328
9870,453
9871,298
9872,2664
9873,5830
9874,305
9875,309
9876,3156
9877,150
9878,32
9879,31
9880,344
9881,682
9882,9845
9883,564
9884,250
9885,84
9886,63
9887,71
9888,114
9889,15
9890,309
9891,12
9892,626
9893,493
9894,6139
9895,6139
9896,1621
9897,451
9898,5733
9899,328
9900,58
9901,62
9902,17
9903,1368
9904,187
9905,92
9906,480
9907,25
9908,8
9909,925
9910,31
9911,151
9912,358
9913,17
9914,1346
9915,94
9916,925
9917,819
9918,136
9919,5165
9920,375
9921,167
9922,987
9923,3156
9924,62
9925,31
9926,925
9927,101
9928,3466
9929,92
9930,1521
9931,5733
9932,103
9933,277
9934,6445
9935,328
9936,6563
9937,277
9938,1865
9939,130
9940,129
9941,27
9942,248
9943,248
9944,101
9945,309
9946,5733
9947,255
9948,557
9949,167
9950,1621
9951,151
9952,557
9953,130
9954,31
9955,358
9956,3156
9957,92
9958,7113
9959,991
9960,298
9961,313
9962,557
9963,925
9964,151
9965,31
9966,167
9967,826
9968,108
9969,3156
9970,35
9971,2165
9972,11
9973,3466
9974,3466
9975,2165
9976,63
9977,101
9978,262
9979,925
9980,151
9981,224
9982,313
9983,3711
9984,43
9985,6868
9986,6445
9987,298
9988,407
9989,167
9990,92
9991,136
9992,4880
9993,1521
9994,1482
9995,97
9996,8972
9997,925
9998,407
9999,8
